GENOME	LOC	LABEL	N	DIR	RBS1	RBS2	MOTIF	A0	A1	LF50R3	HK50R3	LF100R3	HK100R3	PRED	METHOD
r200003	1933	1	99	-1	0	0.0	7	0.01968	0.01431	-0.59583	-0.44125	-0.67843	-0.46608	0	Recode
r200003	1867	1	165	-1	13	2.6	7	0.01878	0.03309	-0.43571	-0.2675	-0.53061	-0.33286	0	Recode
r200003	1627	1	405	-1	0	0.0	4	0.01342	0.00984	-0.2963	-0.20556	-0.58864	-0.35227	0	Recode
r200003	1588	1	444	-1	0	0.0	4	0.00537	0.03399	-0.16296	-0.10037	-0.38077	-0.27946	0	Recode
r200003	1486	1	546	-1	13	0.0	1	0.00805	0.00894	-0.42895	-0.33247	-0.53143	-0.34471	0	Recode
r200013	304	1	3	-1	0	0.0	0	0.00442	0.0177	-0.37586	-0.24234	-0.61731	-0.38054	0	Recode
r200015	1539	1	84	-1	13	1.5	7	0.00499	0.00312	-0.49259	-0.41259	-0.56829	-0.41171	0	Recode
r200015	1527	1	96	-1	0	2.3	1	0.01998	0.0025	-0.47143	-0.50736	-0.66739	-0.52535	0	Recode
r200021	259	0	18	1	0	0.0	9	0.01231	0.01846	-0.41714	-0.27629	-0.62568	-0.40554	0	Recode
r200021	202	0	75	1	2	0.0	9	0.02154	0.03385	-0.41818	-0.29121	-0.49265	-0.35382	0	Recode
r200031	190	0	111	-1	19	3.7	0	0.00957	0.01914	-0.51071	-0.33357	-0.57321	-0.40321	0	Recode
r200031	148	0	153	-1	13	0.0	7	0.03349	0.01435	-0.6625	-0.41083	-0.64038	-0.40423	0	Recode
r200031	112	0	189	-1	0	0.0	4	0.01435	0.03349	-0.27742	-0.23858	-0.54737	-0.38	0	Recode
r200033	425	1	3	1	2	1.8	9	0.00297	0.02671	-0.40323	-0.30677	-0.31875	-0.23625	0	Recode
r200034	-18	0	152	1	13	0.0	8	0.00474	0.02844	-0.32308	-0.25635	-0.47925	-0.34506	0	Recode
r200034	-111	0	245	1	0	0.0	8	0.0237	0.02844	-0.31053	-0.26153	-0.58367	-0.3902	0	Recode
r200035	1723	1	18	-1	0	0.0	7	0.0165	0.0165	-0.275	-0.15083	-0.44043	-0.26643	0	Recode
r200035	1687	1	54	-1	0	2.3	1	0.01165	0.01748	-0.148	-0.16308	-0.43333	-0.29352	0	Recode
r200035	1684	1	57	-1	0	0.0	4	0.02816	0.04078	-0.11481	-0.13341	-0.426	-0.25718	0	Recode
r200035	1549	1	192	-1	0	0.0	4	0.01553	0.02524	-0.11071	-0.08286	-0.31818	-0.21455	0	Recode
r200035	1540	1	201	-1	0	0.0	6	0.00583	0.0165	-0.276	-0.1876	-0.38679	-0.26538	0	Recode
r200035	1531	1	210	-1	13	2.7	5	0.0165	0.01456	-0.28966	-0.18379	-0.38596	-0.25798	0	Recode
r200035	1273	1	468	-1	7	0.0	7	0.01456	0.0165	-0.3	-0.2563	-0.47719	-0.28772	0	Recode
r200035	1246	1	495	-1	13	0.0	1	0.00971	0.01456	-0.84815	-0.56926	-0.67547	-0.48113	0	Recode
r200046	1024	1	12	-1	0	1.8	4	0.01948	0.01515	-0.59677	-0.33	-0.56724	-0.37317	0	Recode
r200059	358	0	33	1	13	1.9	9	0.01581	0.02767	-0.5	-0.36154	-0.49773	-0.36727	0	Recode
r200059	340	0	51	1	13	2.5	9	0.01186	0.01581	-0.156	-0.11952	-0.43878	-0.33551	0	Recode
r200062	1158	1	13	1	0	0.0	9	0.00399	0.00798	-0.815	-0.49415	-0.58378	-0.42919	0	Recode
r200089	1022	1	6	-1	6	1.5	4	0.03169	0.02281	-0.48077	-0.29462	-0.43077	-0.31946	0	Recode
r200089	1019	1	9	-1	13	2.5	5	0.01774	0.01394	-0.52222	-0.28741	-0.43529	-0.28065	0	Recode
r200089	1010	1	18	-1	0	0.0	1	0.00887	0.01774	-0.6	-0.41935	-0.46071	-0.42448	-1	Recode
r200090	1406	1	6	-1	6	1.5	4	0.04637	0.01714	-0.55161	-0.41158	-0.49492	-0.38041	0	Recode
r200090	1403	1	9	-1	13	2.5	5	0.0252	0.01915	-0.55161	-0.39855	-0.44138	-0.32491	0	Recode
r200090	1394	1	18	-1	0	0.0	1	0.00907	0.01109	-0.68788	-0.49061	-0.4873	-0.39054	-1	Recode
r200101	253	1	21	-1	19	3.4	0	0.00971	0.04854	-0.38148	-0.18037	-0.73962	-0.45358	-1	Recode
r200119	1195	1	6	-1	0	0.0	1	0.01636	0.01818	-0.48571	-0.30714	-0.61091	-0.4414	-1	Recode
r200144	403	1	18	-1	2	0.0	1	0.00292	0.0379	-0.31333	-0.24157	-0.66774	-0.40371	-1	Recode
r200147	313	1	21	-1	6	3.4	0	0.00885	0.02655	-0.45588	-0.32118	-0.66167	-0.43415	-1	Recode
r200149	311	1	18	-1	0	0.0	0	0.01351	0.01689	-0.36667	-0.24333	-0.50476	-0.35159	0	Recode
r200149	308	1	21	-1	0	0.0	1	0.02027	0.03041	-0.32188	-0.2255	-0.51613	-0.33355	0	Recode
r200150	534	1	33	-1	0	0.0	0	0.02115	0.02885	-0.62727	-0.44136	-0.6102	-0.41429	-1	Recode
r200151	413	1	42	-1	13	0.0	0	0.01903	0.02114	-0.47	-0.30433	-0.69833	-0.48767	-1	Recode
r200151	410	1	45	-1	13	0.0	7	0.01903	0.02537	-0.47	-0.30433	-0.67705	-0.47213	0	Recode
r200152	333	1	30	-1	0	0.0	5	0.01552	0.03104	-0.53889	-0.34722	-0.478	-0.3167	0	Recode
r200152	330	1	33	-1	2	0.0	4	0.02661	0.02217	-0.695	-0.4385	-0.554	-0.32652	0	Recode
r200153	328	1	45	-1	3	0.0	0	0.01794	0.02466	-0.372	-0.2144	-0.57115	-0.39615	-1	Recode
r200155	211	1	3	1	0	1.0	9	0.00407	0.04878	-0.25	-0.125	-0.42903	-0.39613	0	Recode
r200156	159	0	48	1	0	0.0	8	0.00597	0.05075	-0.404	-0.35804	-0.635	-0.4126	0	Recode
r200157	181	0	144	-1	2	1.2	0	0.05116	0.0186	-0.325	-0.24944	-0.64154	-0.38231	0	Recode
r200157	142	0	183	-1	1	0.0	5	0.04651	0.00465	-0.5125	-0.40297	-0.63438	-0.38406	0	Recode
r200157	-47	0	372	-1	0	0.0	6	0.04651	0.00465	-0.27879	-0.23518	-0.41471	-0.30316	0	Recode
r200158	304	1	3	-1	0	0.0	0	0.00442	0.0177	-0.37586	-0.24234	-0.62941	-0.388	0	Recode
r200159	574	1	3	-1	0	0.0	0	0.00314	0.02201	-0.50385	-0.35423	-0.68679	-0.47094	-1	Recode
r200159	571	1	6	-1	0	0.0	7	0.04088	0.05346	-0.45385	-0.32077	-0.656	-0.44852	0	Recode
r200163	13381	1	15	-1	0	0.0	1	0.0021	0.00056	-0.58966	-0.45531	-0.63061	-0.44347	-1	Recode
r200164	1285	1	33	-1	13	3.2	4	0.00876	0.02335	-0.27273	-0.2275	-0.25667	-0.2465	0	Recode
r200165	901	1	33	-1	0	0.0	1	0.00963	0.01857	-0.09412	-0.07412	-0.50323	-0.28645	0	Recode
r200166	2005	1	9	-1	1	0.0	1	0.04592	0.04075	-0.07	-0.111	-0.21667	-0.12654	0	Recode
r200166	2002	1	12	-1	0	0.0	4	0.00841	0.00841	-0.0875	-0.13875	-0.23636	-0.13773	0	Recode
r200166	1981	1	33	-1	13	0.0	1	0.02329	0.01617	-0.18	-0.112	-0.15806	-0.12581	0	Recode
r200167	1261	1	15	-1	0	0.0	1	0.01122	0.00413	-0.05	-0.04417	-0.13333	-0.14771	0	Recode
r200167	1246	0	30	-1	0	0.0	4	0.02363	0.0065	-0.19444	-0.12222	-0.16786	-0.20179	0	Recode
r200170	1219	1	33	-1	9	0.0	1	0.00138	0.00346	-0.06	-0.052	-0.25714	-0.20286	0	Recode
r200171	1324	1	39	-1	2	0.0	0	0.01107	0.01693	-0.81071	-0.50071	-0.53617	-0.34489	0	Recode
r200172	1231	1	12	-1	0	0.0	4	0.00263	0.02497	-0.51875	-0.35	-0.46897	-0.33241	0	Recode
r200172	1210	1	33	-1	0	0.0	1	0.00197	0.00526	-0.175	-0.16062	-0.37188	-0.2675	0	Recode
r200173	1465	1	27	-1	0	0.0	0	0.01011	0.01075	-0.65909	-0.49409	-0.54222	-0.42131	-1	Recode
r200174	1219	1	33	-1	24	4.7	1	0.01436	0.02023	-0.76296	-0.49	-0.69375	-0.45979	-1	Recode
r200176	1216	1	3	-1	0	0.0	4	0.00059	0.02553	-0.15625	-0.20281	-0.17143	-0.2185	0	Recode
r200178	1479	1	54	-1	0	0.0	0	0.01048	0.02096	-0.87097	-0.52097	-0.63585	-0.38396	0	Recode
r200179	1204	1	99	-1	0	0.0	1	0.01434	0.02608	-0.27308	-0.21385	-0.3551	-0.26163	0	Recode
r200179	1180	1	123	-1	0	2.6	5	0.01434	0.02608	-0.34615	-0.37631	-0.36667	-0.36183	0	Recode
r200179	1156	1	147	-1	2	1.8	4	0.04954	0.02347	-0.272	-0.34172	-0.52	-0.3802	0	Recode
r200179	1141	1	162	-1	13	1.5	4	0.01434	0.03781	-0.42593	-0.46437	-0.50566	-0.398	0	Recode
r200179	1129	1	174	-1	0	0.0	1	0.02347	0.00522	-0.64138	-0.45597	-0.51964	-0.43961	0	Recode
r200180	1348	1	81	-1	2	0.0	6	0.01929	0.01117	-0.26296	-0.18444	-0.42083	-0.26292	0	Recode
r200180	1330	1	99	-1	0	0.0	1	0.00812	0.01929	-0.0963	-0.09778	-0.26415	-0.17736	0	Recode
r200180	1273	0	156	-1	13	0.0	0	0.01523	0.0264	-0.44444	-0.32611	-0.35152	-0.25427	0	Recode
r200181	2854	1	6	-1	13	2.5	1	0.02626	0.01916	-0.32	-0.24853	-0.63774	-0.44975	0	Recode
r200181	2833	0	27	-1	1	0.0	5	0.01136	0.01774	-0.54138	-0.41448	-0.62807	-0.5044	0	Recode
r200182	514	1	168	-1	14	3.0	4	0.02366	0.0086	-0.29737	-0.19229	-0.5541	-0.31164	0	Recode
r200182	505	1	177	-1	0	0.0	3	0.01505	0.03082	-0.34474	-0.20921	-0.5746	-0.33317	0	Recode
r200183	1279	1	33	-1	0	0.0	4	0.04868	0.01114	-0.0	-0.00062	-0.30667	-0.2661	0	Recode
r200184	1204	1	33	-1	1	0.0	6	0.02163	0.02031	-0.31923	-0.2375	-0.47931	-0.36612	0	Recode
r200184	1174	1	63	-1	0	0.0	1	0.02359	0.01573	-0.42	-0.3502	-0.45	-0.32895	0	Recode
r200184	1042	0	195	-1	12	4.4	1	0.02621	0.00524	-0.40937	-0.25594	-0.55873	-0.37322	0	Recode
r200185	1180	1	15	-1	0	0.0	5	0.02232	0.0197	-0.27647	-0.19176	-0.42162	-0.27378	0	Recode
r200185	1162	1	33	-1	0	0.0	1	0.0151	0.01445	-0.23636	-0.16182	-0.34186	-0.21953	0	Recode
r200187	1249	1	27	-1	0	0.0	1	0.01014	0.0093	-0.57941	-0.37547	-0.38983	-0.26271	0	Recode
r200188	1405	1	6	-1	0	0.0	0	0.01648	0.02598	-0.53889	-0.63711	-0.57241	-0.51579	-1	Recode
r200189	1049	1	6	-1	0	1.9	1	0.0275	0.00497	-0.76071	-0.47821	-0.71591	-0.44864	-1	Recode
r200189	1040	0	15	-1	0	0.0	1	0.05386	0.00038	-0.852	-0.5212	-0.66591	-0.43686	-1	Recode
r200191	1810	1	12	-1	0	0.0	4	0.02457	0.04004	-0.65	-0.41031	-0.66552	-0.49143	0	Recode
r200191	1756	1	66	-1	2	0.0	5	0.02457	0.0091	-0.42727	-0.31909	-0.6746	-0.43841	0	Recode
r200191	1591	1	231	-1	13	0.0	1	0.03276	0.04004	-0.436	-0.3244	-0.4678	-0.33797	0	Recode
r200191	1498	1	324	-1	0	0.0	1	0.00637	0.03185	-0.4125	-0.28667	-0.40962	-0.26962	0	Recode
r200191	1438	1	384	-1	2	2.3	1	0.01547	0.01547	-0.495	-0.3465	-0.5	-0.32512	0	Recode
r200191	1384	1	438	-1	4	0.0	1	0.02366	0.01274	-0.4	-0.29273	-0.55556	-0.39593	0	Recode
r200192	1156	1	3	-1	0	0.0	1	0.00107	0.00215	-0.64483	-0.42445	-0.71167	-0.4875	-1	Recode
r200193	2154	1	132	-1	13	2.1	1	0.00963	0.0289	-0.54375	-0.34062	-0.52131	-0.3341	0	Recode
r200193	1782	1	504	-1	0	0.0	4	0.01401	0.03503	-0.43636	-0.27485	-0.44483	-0.28914	0	Recode
r200193	1698	1	588	-1	13	0.0	1	0.01138	0.01051	-0.52667	-0.38983	-0.52	-0.41382	0	Recode
r200194	2137	1	36	-1	13	2.2	5	0.00967	0.02812	-0.55455	-0.36391	-0.57937	-0.38381	0	Recode
r200194	2041	1	132	-1	13	2.3	4	0.01757	0.02636	-0.46061	-0.3403	-0.53279	-0.35869	0	Recode
r200194	2026	1	147	-1	16	4.2	5	0.02548	0.01845	-0.31786	-0.19764	-0.55082	-0.40148	0	Recode
r200194	1753	1	420	-1	0	0.0	4	0.00791	0.01406	-0.61481	-0.38481	-0.564	-0.344	0	Recode
r200194	1600	1	573	-1	13	1.9	1	0.029	0.02285	-0.33235	-0.26029	-0.45517	-0.35464	0	Recode
r200195	1032	1	3	-1	1	0.0	6	0.00106	0.01163	-0.41667	-0.23283	-0.59107	-0.48698	0	Recode
r200195	1029	1	6	-1	0	0.0	7	0.0148	0.0074	-0.38	-0.22352	-0.62632	-0.40789	0	Recode
r200196	1210	1	495	-1	0	0.0	1	0.01392	0.01392	-0.75714	-0.53	-0.69194	-0.44645	0	Recode
r200197	1542	1	60	-1	2	0.0	5	0.00371	0.03527	-0.53182	-0.37591	-0.43333	-0.32633	0	Recode
r200197	1539	1	63	-1	13	0.0	0	0.04517	0.04146	-0.55714	-0.39381	-0.42162	-0.31751	0	Recode
r200197	1536	1	66	-1	13	0.0	7	0.02723	0.05569	-0.53182	-0.37591	-0.41842	-0.31842	0	Recode
r200197	1449	1	153	-1	0	0.0	1	0.03527	0.03032	-0.51364	-0.34823	-0.47179	-0.32897	0	Recode
r200197	1404	1	198	-1	9	0.0	0	0.01423	0.00124	-0.43462	-0.32154	-0.49787	-0.42272	0	Recode
r200199	2938	1	87	-1	0	0.0	5	0.01189	0.02689	-0.26842	-0.18	-0.3725	-0.235	0	Recode
r200199	2839	1	186	-1	0	0.0	1	0.01189	0.02017	-0.43333	-0.2685	-0.44043	-0.31487	0	Recode
r200200	12151	1	30	-1	16	2.4	1	0.01633	0.02004	-0.09524	-0.14048	-0.42826	-0.31889	0	Recode
r200201	865	1	3	-1	2	2.6	1	0.00111	0.00332	-0.43462	-0.29308	-0.65536	-0.40982	-1	Recode
r200202	2795	1	48	-1	13	3.1	0	0.01149	0.01689	-0.7125	-0.50958	-0.614	-0.4446	-1	Recode
r200202	2792	1	51	-1	13	0.0	1	0.01351	0.03378	-0.71304	-0.50913	-0.58824	-0.43588	-1	Recode
r200202	2789	1	54	-1	0	0.0	4	0.03378	0.03378	-0.71304	-0.50913	-0.604	-0.4446	0	Recode
r200203	12518	1	30	-1	0	0.0	1	0.01407	0.00147	-0.81786	-0.54214	-0.88696	-0.56696	-1	Recode
r200204	1569	1	171	-1	0	0.0	5	0.02869	0.01334	-0.15185	-0.21496	-0.41071	-0.2825	0	Recode
r200204	1539	1	201	-1	13	1.6	0	0.01801	0.01268	-0.86	-0.616	-0.68889	-0.47667	0	Recode
r200205	2420	1	246	-1	0	0.0	1	0.02416	0.05019	-0.38125	-0.25906	-0.52881	-0.34746	0	Recode
r200205	2411	1	255	-1	13	1.5	1	0.00248	0.0031	-0.46129	-0.3259	-0.57069	-0.37552	0	Recode
r200205	2399	1	267	-1	13	2.2	0	0.01611	0.01549	-0.68182	-0.45818	-0.62857	-0.41175	0	Recode
r200205	2381	0	285	-1	0	0.0	5	0.0347	0.02416	-0.44643	-0.32729	-0.62742	-0.42706	0	Recode
r200209	1962	1	108	-1	5	0.0	1	0.01083	0.01338	-0.56667	-0.42811	-0.54038	-0.37863	0	Recode
r200210	13599	1	21	-1	0	0.0	1	0.00497	0.00249	-0.72963	-0.50037	-0.68696	-0.48235	-1	Recode
r200213	924	1	3	-1	14	0.0	2	0.0011	0.00659	-0.39355	-0.28161	-0.63281	-0.42172	0	Recode
r200213	921	1	6	-1	0	0.0	7	0.01868	0.01868	-0.41935	-0.28581	-0.69841	-0.46857	0	Recode
r200214	7504	1	6	-1	22	6.2	1	0.0164	0.02038	-0.68788	-0.48236	-0.58421	-0.47996	-1	Recode
r200215	1888	1	30	-1	3	2.1	4	0.01155	0.03197	-0.6	-0.40821	-0.54237	-0.40908	0	Recode
r200215	1786	1	132	-1	13	2.5	5	0.01954	0.01954	-0.45172	-0.28379	-0.61552	-0.38397	0	Recode
r200215	1756	1	162	-1	27	6.3	6	0.02043	0.02043	-0.42667	-0.3388	-0.65	-0.39328	0	Recode
r200215	1579	1	339	-1	0	0.0	7	0.01243	0.03552	-0.32609	-0.30496	-0.52157	-0.32882	0	Recode
r200215	1465	1	453	-1	0	0.0	1	0.01066	0.02398	-0.2125	-0.25116	-0.32143	-0.23248	0	Recode
r200216	2090	1	30	-1	3	2.1	4	0.01066	0.03108	-0.55	-0.39654	-0.53448	-0.39309	0	Recode
r200216	1958	1	162	-1	19	3.1	6	0.02043	0.02131	-0.41667	-0.27767	-0.64483	-0.39328	0	Recode
r200216	1781	1	339	-1	0	0.0	7	0.00888	0.03464	-0.33913	-0.30496	-0.486	-0.307	0	Recode
r200216	1667	1	453	-1	0	0.0	1	0.01066	0.02398	-0.20588	-0.17535	-0.32931	-0.24516	0	Recode
r200217	2091	1	30	-1	3	2.1	4	0.01155	0.0302	-0.52963	-0.38185	-0.52542	-0.37953	0	Recode
r200217	1959	1	162	-1	27	6.3	6	0.02043	0.0222	-0.42571	-0.35829	-0.55692	-0.34292	0	Recode
r200217	1782	1	339	-1	0	0.0	7	0.01066	0.03552	-0.33913	-0.30496	-0.49038	-0.30827	0	Recode
r200217	1668	1	453	-1	0	0.0	1	0.01155	0.02398	-0.1871	-0.25926	-0.33929	-0.26405	0	Recode
r200218	829	1	3	-1	1	0.0	7	0.0012	0.01925	-0.38519	-0.28222	-0.64528	-0.43679	0	Recode
r200219	2480	1	3	-1	0	0.0	1	0.0006	0.0156	-0.4	-0.25889	-0.78966	-0.50103	-1	Recode
r200220	1695	1	153	-1	2	0.0	0	0.02344	0.0332	-0.25833	-0.16542	-0.2902	-0.26	0	Recode
r200220	1647	1	201	-1	10	0.0	1	0.01302	0.00846	-0.32222	-0.23733	-0.35577	-0.28481	0	Recode
r200220	1626	1	222	-1	2	1.9	4	0.03906	0.01107	-0.29091	-0.25005	-0.28367	-0.27818	0	Recode
r200220	1608	1	240	-1	13	0.0	0	0.02083	0.01107	-0.22174	-0.17896	-0.598	-0.3738	0	Recode
r200220	1605	1	243	-1	13	0.0	1	0.02344	0.01237	-0.2625	-0.1715	-0.59804	-0.39157	0	Recode
r200220	1578	0	270	-1	0	0.0	7	0.01953	0.0293	-0.20833	-0.15875	-0.34889	-0.23378	0	Recode
r200224	2086	1	42	-1	0	0.0	1	0.00933	0.01267	-0.33333	-0.25337	-0.49516	-0.30677	0	Recode
r200229	1204	1	36	1	0	0.0	9	0.02251	0.07235	-0.52	-0.3865	-0.41316	-0.28663	0	Recode
r200229	1198	1	42	1	2	0.0	9	0.01018	0.02465	-0.46667	-0.34611	-0.36667	-0.30083	0	Recode
r200229	1174	1	66	1	0	0.0	9	0.01018	0.01768	-0.15	-0.12188	-0.45556	-0.30194	0	Recode
r200229	1165	1	75	1	0	0.0	9	0.00375	0.05681	-0.3625	-0.24688	-0.52571	-0.34657	0	Recode
r200229	1069	0	171	1	0	0.0	9	0.01554	0.02251	-0.23684	-0.21316	-0.345	-0.257	0	Recode
r200229	1063	0	177	1	0	0.0	8	0.02626	0.02894	-0.225	-0.2025	-0.345	-0.257	0	Recode
r200334	190	0	111	-1	19	3.7	0	0.00957	0.01435	-0.552	-0.356	-0.55472	-0.37132	0	Recode
r200334	148	0	153	-1	13	0.0	7	0.02392	0.01435	-0.608	-0.3436	-0.69245	-0.39264	0	Recode
r200346	651	1	-74	1	0	0.0	9	0.00357	0.08214	-0.55217	-0.39565	-0.40968	-0.32148	0	Recode
r200351	331	0	18	1	0	0.0	9	0.01027	0.03082	-0.43235	-0.34244	-0.65818	-0.4532	0	Recode
r200352	53	0	158	1	0	0.0	9	0.01718	0.02749	-0.37879	-0.29888	-0.63333	-0.42002	0	Recode
r200357	239	0	18	1	0	0.0	9	0.01064	0.02128	-0.37879	-0.29888	-0.67391	-0.43449	0	Recode
r200358	33	0	192	1	18	0.0	9	0.02482	0.03191	-0.33333	-0.31407	-0.56727	-0.36507	0	Recode
r200358	9	0	216	1	0	0.0	9	0.01418	0.01773	-0.21538	-0.12654	-0.432	-0.26436	0	Recode
r200359	210	0	18	1	0	0.0	9	0.01439	0.01799	-0.3129	-0.26645	-0.7283	-0.4846	0	Recode
r200360	113	0	47	1	12	3.2	9	0.00323	0.02903	-0.41786	-0.26893	-0.61754	-0.40281	0	Recode
r200361	150	0	27	1	13	0.0	8	0.00448	0.03139	-0.27419	-0.18545	-0.49298	-0.29263	0	Recode
r200362	312	0	18	1	0	0.0	9	0.01572	0.02516	-0.56071	-0.48843	-0.60702	-0.49244	0	Recode
r200363	190	0	31	1	0	0.0	9	0.01429	0.01786	-0.37879	-0.29888	-0.74118	-0.49414	0	Recode
r200364	239	1	3	1	0	0.0	9	0.00324	0.01942	-0.316	-0.2364	-0.52745	-0.3841	0	Recode
r200365	47	0	77	1	13	0.0	8	0.00483	0.02899	-0.44615	-0.26231	-0.46792	-0.28868	0	Recode
r200366	187	0	91	1	0	0.0	9	0.01399	0.04895	-0.37879	-0.29888	-0.62131	-0.41313	0	Recode
r200368	239	1	3	1	0	0.0	9	0.00324	0.01942	-0.316	-0.2364	-0.52745	-0.3841	0	Recode
r200369	45	0	75	1	0	0.0	8	0.01456	0.03398	-0.1	-0.09741	-0.37679	-0.25464	0	Recode
r200370	143	0	113	1	0	0.0	9	0.01375	0.02749	-0.37879	-0.29888	-0.63333	-0.42002	0	Recode
r200370	11	0	245	1	0	0.0	9	0.01031	0.02405	-0.24412	-0.17853	-0.46418	-0.30433	0	Recode
r200371	425	1	3	1	2	1.8	9	0.00297	0.02671	-0.40323	-0.30677	-0.31875	-0.23625	0	Recode
r200372	328	0	18	1	0	0.0	8	0.01042	0.01389	-0.69231	-0.45338	-0.58077	-0.32356	0	Recode
r200373	328	0	18	1	0	0.0	8	0.01042	0.01389	-0.69231	-0.45338	-0.58077	-0.32356	0	Recode
r200376	-43	0	119	1	0	0.0	9	0.01632	0.02098	-0.54	-0.3536	-0.52182	-0.36498	0	Recode
r200377	-22	0	98	1	0	0.0	9	0.01399	0.02098	-0.37778	-0.23663	-0.46786	-0.295	0	Recode
r200379	-109	0	167	1	0	0.0	9	0.01185	0.01422	-0.38889	-0.27778	-0.42	-0.24703	0	Recode
r200381	-43	0	116	1	0	0.0	9	0.00465	0.01628	-0.51667	-0.34417	-0.56977	-0.42402	0	Recode
r200384	-37	0	110	1	13	0.0	9	0.01628	0.0186	-0.28333	-0.30737	-0.50667	-0.39016	0	Recode
r200384	-43	0	116	1	0	0.0	9	0.00465	0.0093	-0.6037	-0.43459	-0.67917	-0.44333	0	Recode
r200389	-34	0	104	1	0	0.0	9	0.0162	0.02778	-0.17368	-0.10211	-0.5359	-0.29641	0	Recode
r200391	-77	0	159	1	0	0.0	9	0.00696	0.0464	-0.408	-0.2708	-0.4322	-0.31995	0	Recode
r200392	-40	0	110	1	0	0.0	9	0.00694	0.01389	-0.41053	-0.275	-0.55714	-0.40976	0	Recode
r200398	-64	0	140	1	0	0.0	9	0.01865	0.02564	-0.44231	-0.26654	-0.56379	-0.32533	0	Recode
r200399	-139	0	176	1	0	0.0	8	0.03828	0.04545	-0.49048	-0.40038	-0.48298	-0.34894	0	Recode
r200401	-103	0	179	1	0	0.0	8	0.01399	0.01632	-0.44167	-0.30333	-0.53333	-0.344	0	Recode
r200405	-86	0	159	1	0	0.0	9	0.00467	0.04907	-0.65	-0.40385	-0.42857	-0.29871	0	Recode
r200408	-67	0	140	1	0	0.0	9	0.00467	0.04673	-0.57778	-0.4	-0.52281	-0.34035	0	Recode
r200411	-25	0	107	1	9	2.0	9	0.00696	0.00928	-0.67895	-0.50789	-0.475	-0.34625	0	Recode
r200414	-64	0	140	1	0	0.0	9	0.01399	0.02331	-0.47083	-0.27542	-0.548	-0.3472	0	Recode
r200414	-103	0	179	1	0	0.0	8	0.01865	0.02331	-0.37037	-0.31467	-0.59184	-0.38918	0	Recode
r200416	-64	0	140	1	0	0.0	9	0.02098	0.02564	-0.44583	-0.25417	-0.58246	-0.32209	0	Recode
r200418	-86	0	159	1	15	3.8	9	0.00915	0.01373	-0.43333	-0.30823	-0.56452	-0.34729	0	Recode
r200418	-134	0	207	1	13	0.0	9	0.00915	0.01373	-0.3375	-0.17812	-0.55645	-0.34823	0	Recode
r200420	-82	0	158	1	0	0.0	9	0.01142	0.04795	-0.35926	-0.21111	-0.59355	-0.36321	0	Recode
r200421	-22	0	98	1	2	0.0	9	0.0137	0.0274	-0.42222	-0.26963	-0.54286	-0.34786	0	Recode
r200422	-43	0	113	1	0	0.0	9	0.00701	0.04439	-0.14737	-0.08895	-0.46042	-0.28604	0	Recode
r200518	6673	1	6	-1	17	0.0	1	0.01844	0.02223	-0.6931	-0.54145	-0.6125	-0.41718	-1	Recode
r200519	13129	1	21	-1	0	0.0	1	0.00405	0.0021	-0.69286	-0.45464	-0.71087	-0.50565	-1	Recode
r200519	13126	1	24	-1	0	0.0	0	0.00824	0.03185	-0.8	-0.51903	-0.70213	-0.50838	-1	Recode
r200520	12022	1	30	-1	0	0.0	1	0.01378	0.00119	-0.95926	-0.64	-0.83261	-0.57002	-1	Recode
r200521	1318	1	111	-1	13	1.8	0	0.02209	0.00195	-1.0	-0.66808	-0.71569	-0.47216	0	Recode
r200522	1297	1	48	-1	6	1.8	1	0.02095	0.00127	-0.57143	-0.38964	-0.56364	-0.35727	-1	Recode
r200522	1285	0	60	-1	6	2.3	1	0.02222	0.03302	-0.6625	-0.38406	-0.59138	-0.35259	0	Recode
r200522	1282	0	63	-1	13	3.0	4	0.0654	0.0654	-0.55294	-0.33618	-0.59138	-0.35259	0	Recode
r200523	1291	1	48	-1	5	0.0	1	0.00762	0.02478	-0.58437	-0.37156	-0.478	-0.33246	-1	Recode
r200526	1852	1	120	-1	13	0.0	1	0.04615	0.01744	-0.348	-0.35316	-0.4434	-0.34438	0	Recode
r200526	1849	1	123	-1	3	1.3	4	0.01641	0.06359	-0.356	-0.35316	-0.44231	-0.29058	0	Recode
r200526	1822	1	150	-1	0	0.0	1	0.01538	0.0041	-0.57273	-0.52552	-0.46667	-0.38914	0	Recode
r200526	1801	0	171	-1	11	0.0	1	0.01436	0.03179	-0.51765	-0.39438	-0.50847	-0.37898	0	Recode
r200527	2101	1	3	-1	0	0.0	1	0.0006	0.0138	-0.39615	-0.25962	-0.79643	-0.50304	-1	Recode
r200529	1282	1	6	-1	1	0.0	6	0.00839	0.01119	-0.0	-0.01769	-0.11176	-0.10078	0	Recode
r200529	1267	1	21	-1	0	0.0	0	0.02797	0.03217	-0.88929	-0.56214	-0.49509	-0.33906	-1	Recode
r200529	1264	1	24	-1	0	0.0	1	0.02378	0.03217	-0.88929	-0.56214	-0.50462	-0.34558	-1	Recode
r200529	1183	0	105	-1	13	2.9	6	0.02378	0.03217	-0.35926	-0.22889	-0.51607	-0.30554	0	Recode
r200529	1144	0	144	-1	0	0.0	6	0.0042	0.01119	-0.20714	-0.10393	-0.28305	-0.22	0	Recode
r200529	1060	0	228	-1	0	0.0	1	0.03916	0.00699	-0.47576	-0.39952	-0.48281	-0.35422	0	Recode
r200529	1057	0	231	-1	0	0.0	0	0.01119	0.03217	-0.49412	-0.352	-0.48462	-0.35569	0	Recode
r200530	1294	1	6	-1	1	0.0	6	0.02553	0.01051	-0.03333	-0.02556	-0.32679	-0.18071	0	Recode
r200530	1291	1	9	-1	0	0.0	3	0.02102	0.01652	-0.036	-0.0276	-0.25741	-0.14519	0	Recode
r200530	1279	1	21	-1	16	2.7	0	0.02703	0.03153	-0.84	-0.542	-0.56071	-0.35107	-1	Recode
r200530	1276	1	24	-1	2	0.0	3	0.02252	0.02252	-0.74444	-0.48481	-0.57091	-0.35745	-1	Recode
r200531	1015	1	3	-1	0	0.0	1	0.00107	0.00322	-0.65333	-0.39833	-0.73559	-0.4849	-1	Recode
r200532	1102	1	3	-1	0	0.0	3	0.00104	0.0114	-0.404	-0.2972	-0.6434	-0.42204	0	Recode
r200533	1888	1	30	-1	3	2.1	4	0.01332	0.0302	-0.52963	-0.38185	-0.55085	-0.40992	0	Recode
r200533	1756	1	162	-1	27	6.3	6	0.02131	0.02043	-0.45294	-0.292	-0.64219	-0.38953	0	Recode
r200533	1579	1	339	-1	0	0.0	7	0.01066	0.03464	-0.33913	-0.30496	-0.49038	-0.30827	0	Recode
r200533	1465	1	453	-1	0	0.0	1	0.01066	0.02398	-0.2125	-0.25116	-0.33333	-0.25402	0	Recode
r200534	1081	1	3	-1	1	0.0	3	0.00104	0.00835	-0.46923	-0.35423	-0.63137	-0.4049	0	Recode
r200535	706	1	3	-1	1	0.0	7	0.0012	0.0108	-0.13448	-0.13348	-0.59455	-0.43982	0	Recode
r200535	613	0	96	-1	0	0.0	6	0.01441	0.0096	-0.54583	-0.33083	-0.55435	-0.36404	0	Recode
r200536	12322	1	30	-1	0	0.0	1	0.02148	0.00161	-0.98077	-0.62577	-1.0	-0.62435	-1	Recode
r200537	706	1	3	-1	1	0.0	7	0.0012	0.01444	-0.16667	-0.133	-0.5625	-0.38161	0	Recode
r200538	13129	1	21	-1	0	0.0	1	0.00391	0.00196	-0.66552	-0.4331	-0.68913	-0.50196	-1	Recode
r200538	13126	1	24	-1	0	0.0	0	0.00824	0.03185	-0.75937	-0.50281	-0.67447	-0.50477	-1	Recode
r200539	1279	1	6	-1	1	0.0	6	0.01261	0.0112	-0.14516	-0.14	-0.22857	-0.20102	0	Recode
r200539	1264	1	21	-1	0	0.0	0	0.02661	0.03221	-0.80323	-0.50774	-0.5661	-0.40831	-1	Recode
r200539	1261	1	24	-1	0	0.0	1	0.02241	0.02941	-0.83	-0.52467	-0.57586	-0.41328	-1	Recode
r200541	1213	1	96	-1	3	1.3	0	0.02206	0.00602	-0.93871	-0.6329	-0.8	-0.55149	0	Recode
r200541	1087	0	222	-1	0	0.0	1	0.02607	0.00067	-0.2913	-0.25	-0.44	-0.30653	0	Recode
r200542	6310	1	6	-1	0	0.0	1	0.02077	0.02077	-0.68214	-0.50904	-0.64727	-0.43167	-1	Recode
r200546	1342	1	189	-1	4	0.0	1	0.02243	0.01385	-0.3875	-0.35078	-0.56545	-0.40487	0	Recode
r200546	1324	1	207	-1	0	0.0	1	0.02902	0.05079	-0.39	-0.267	-0.50702	-0.3327	0	Recode
r200546	1303	1	228	-1	19	0.0	0	0.00726	0.01451	-0.875	-0.61836	-0.65333	-0.45843	0	Recode
r200546	1300	1	231	-1	13	0.0	1	0.02507	0.01979	-0.85862	-0.60797	-0.67049	-0.46934	0	Recode
r200546	1258	0	273	-1	6	1.0	6	0.01517	0.0409	-0.46923	-0.37396	-0.63889	-0.42935	0	Recode
r200548	3295	1	3	-1	0	0.0	0	0.0006	0.00898	-0.536	-0.46972	-0.38864	-0.44777	-1	Recode
r200548	3292	1	6	-1	0	0.0	7	0.01137	0.03591	-0.516	-0.44384	-0.4	-0.45353	0	Recode
r200549	2518	1	15	-1	0	0.0	4	0.0417	0.02261	-0.205	-0.21435	-0.44889	-0.25822	0	Recode
r200549	2488	1	45	-1	9	0.0	0	0.01343	0.01272	-0.59655	-0.43517	-0.606	-0.3954	-1	Recode
r200550	1837	1	114	-1	0	0.0	4	0.00889	0.01333	-0.36429	-0.27143	-0.63607	-0.42441	0	Recode
r200550	1834	1	117	-1	0	0.0	2	0.02667	0.03556	-0.26667	-0.20519	-0.55484	-0.36418	0	Recode
r200550	1546	1	405	-1	0	0.0	6	0.01333	0.01156	-0.16957	-0.10739	-0.44894	-0.34468	0	Recode
r200550	1516	1	435	-1	0	0.0	1	0.03378	0.00889	-0.31034	-0.24138	-0.41	-0.29866	0	Recode
r200551	3013	1	3	-1	0	0.0	0	0.00063	0.00444	-0.71935	-0.52452	-0.516	-0.424	-1	Recode
r200552	1939	1	30	-1	1	0.0	1	0.01573	0.02273	-0.47241	-0.28517	-0.51552	-0.31069	0	Recode
r200552	1768	1	201	-1	3	0.0	6	0.0271	0.03846	-0.71333	-0.45433	-0.5463	-0.35648	0	Recode
r200552	1765	1	204	-1	12	3.8	1	0.00787	0.02098	-0.75667	-0.45733	-0.56667	-0.36241	0	Recode
r200552	1537	1	432	-1	0	0.0	1	0.01748	0.00874	-0.46429	-0.35393	-0.60182	-0.44418	0	Recode
r200552	1423	1	546	-1	0	0.0	1	0.01836	0.02273	-0.34516	-0.31797	-0.42241	-0.32116	0	Recode
r200552	1408	0	561	-1	0	0.0	0	0.00874	0.01486	-0.50303	-0.33294	-0.43051	-0.36275	0	Recode
r200553	1810	1	12	-1	0	0.0	4	0.02457	0.04004	-0.65	-0.41031	-0.66552	-0.49143	0	Recode
r200553	1756	1	66	-1	2	0.0	5	0.02457	0.0091	-0.42727	-0.31909	-0.6746	-0.43841	0	Recode
r200553	1591	1	231	-1	13	0.0	1	0.03276	0.04004	-0.436	-0.3244	-0.4678	-0.33797	0	Recode
r200553	1498	1	324	-1	0	0.0	1	0.00637	0.03185	-0.4125	-0.28667	-0.40962	-0.26962	0	Recode
r200553	1438	1	384	-1	2	2.3	1	0.01547	0.01547	-0.495	-0.3465	-0.5	-0.32512	0	Recode
r200553	1384	1	438	-1	4	0.0	1	0.02366	0.01274	-0.4	-0.29273	-0.55556	-0.39593	0	Recode
r200554	3307	1	120	-1	13	0.0	7	0.0141	0.02023	-0.29615	-0.22319	-0.54643	-0.35748	0	Recode
r200554	3277	1	150	-1	16	4.2	5	0.01533	0.02452	-0.14762	-0.14429	-0.658	-0.4386	0	Recode
r200554	3235	1	192	-1	13	0.0	7	0.01165	0.02575	-0.51429	-0.29861	-0.498	-0.294	0	Recode
r200554	2932	1	495	-1	15	3.9	6	0.00797	0.01165	-0.44667	-0.27667	-0.51698	-0.33132	0	Recode
r200554	2857	0	570	-1	0	0.0	2	0.02391	0.00674	-0.42353	-0.34474	-0.43968	-0.35033	0	Recode
r200555	1480	1	72	-1	2	2.4	4	0.05618	0.04891	-0.45185	-0.4043	-0.43878	-0.32082	0	Recode
r200555	1387	1	165	-1	0	0.0	4	0.02908	0.00793	-0.35652	-0.29535	-0.28511	-0.22362	0	Recode
r200555	1318	1	234	-1	0	3.3	0	0.01718	0.00991	-0.52333	-0.35897	-0.61639	-0.38623	0	Recode
r200555	1303	0	249	-1	13	2.2	1	0.01785	0.02445	-0.588	-0.3772	-0.62414	-0.41724	0	Recode
r200555	1255	0	297	-1	0	0.0	1	0.00925	0.01785	-0.325	-0.2355	-0.58696	-0.372	0	Recode
r200555	1252	0	300	-1	0	0.0	0	0.03701	0.01718	-0.28	-0.1795	-0.58696	-0.37587	0	Recode
r200556	2089	1	36	-1	0	0.0	1	0.02394	0.00731	-0.29667	-0.20077	-0.38148	-0.25113	0	Recode
r200557	943	1	3	-1	13	1.3	6	0.00108	0.01184	-0.292	-0.114	-0.60345	-0.37252	0	Recode
r200557	940	1	6	-1	0	0.0	7	0.01507	0.02045	-0.268	-0.114	-0.67069	-0.42655	0	Recode
r200557	829	0	117	-1	13	3.1	3	0.02691	0.00969	-0.6	-0.40074	-0.70159	-0.45476	0	Recode
r200557	805	0	141	-1	1	0.0	5	0.03445	0.01399	-0.65667	-0.44243	-0.67377	-0.43164	0	Recode
r200558	2179	1	102	-1	0	0.0	1	0.02892	0.01928	-0.49394	-0.31942	-0.57759	-0.37021	0	Recode
r200558	2176	1	105	-1	0	0.0	0	0.03614	0.01606	-0.47187	-0.32941	-0.60847	-0.41108	0	Recode
r200558	1942	1	339	-1	27	5.4	5	0.01606	0.0249	-0.01923	-0.03346	-0.36863	-0.28745	0	Recode
r200558	1825	1	456	-1	0	0.0	1	0.00723	0.01767	-0.31935	-0.27919	-0.4569	-0.34224	0	Recode
r200558	1768	1	513	-1	0	0.0	1	0.01928	0.01205	-0.32857	-0.24668	-0.39138	-0.29029	0	Recode
r200559	1156	1	270	-1	5	0.0	5	0.01075	0.00753	-0.36818	-0.27364	-0.34314	-0.28627	0	Recode
r200559	1057	1	369	-1	1	0.0	5	0.01075	0.0172	-0.44	-0.3172	-0.52857	-0.33959	0	Recode
r200559	1006	1	420	-1	13	0.0	1	0.00538	0.01075	-0.8	-0.45157	-0.63636	-0.41049	0	Recode
r200559	979	0	447	-1	10	0.0	4	0.04946	0.01075	-0.32963	-0.22	-0.58491	-0.36868	0	Recode
r200560	2608	1	15	-1	13	2.6	4	0.02145	0.02284	-0.21786	-0.26964	-0.58852	-0.40377	0	Recode
r200560	2593	1	30	-1	9	0.0	0	0.00969	0.00623	-0.66333	-0.49133	-0.63016	-0.44603	-1	Recode
r200561	1015	1	3	-1	0	0.0	1	0.00107	0.0043	-0.60357	-0.44439	-0.73621	-0.49328	-1	Recode
r200562	13132	1	15	-1	0	0.0	1	0.0021	0.00056	-0.58966	-0.45531	-0.63061	-0.44347	-1	Recode
r200563	1018	1	3	-1	0	0.0	1	0.00107	0.00751	-0.528	-0.386	-0.6098	-0.40804	-1	Recode
r200564	1852	1	123	-1	13	1.3	4	0.05635	0.03279	-0.3375	-0.31529	-0.46471	-0.31627	0	Recode
r200564	1825	1	150	-1	0	0.0	1	0.03893	0.00307	-0.51515	-0.47558	-0.52281	-0.38496	0	Recode
r200564	1804	0	171	-1	11	0.0	1	0.01434	0.03074	-0.51471	-0.38321	-0.49138	-0.41176	0	Recode
r200569	-89	0	159	1	24	5.2	9	0.02064	0.06193	-0.46667	-0.29	-0.61692	-0.39923	0	Recode
r200576	-43	0	116	1	0	0.0	9	0.00466	0.00699	-0.38095	-0.32143	-0.41522	-0.29696	0	Recode
r200578	-58	0	131	1	0	0.0	9	0.00928	0.01392	-0.45652	-0.23043	-0.45745	-0.28511	0	Recode
r200578	-64	0	137	1	4	1.5	9	0.00928	0.01856	-0.38889	-0.21167	-0.458	-0.2754	0	Recode
r200579	-43	0	116	1	0	0.0	9	0.00465	0.01628	-0.51667	-0.34417	-0.56977	-0.42402	0	Recode
r200581	-37	0	110	1	13	0.0	9	0.01628	0.0186	-0.28333	-0.30737	-0.50667	-0.39016	0	Recode
r200581	-43	0	116	1	0	0.0	9	0.00465	0.0093	-0.6037	-0.43459	-0.67917	-0.44333	0	Recode
r200589	-46	0	131	1	22	5.4	9	0.02045	0.02727	-0.3087	-0.28648	-0.42609	-0.31193	0	Recode
r200599	-34	0	113	1	0	0.0	9	0.01163	0.05814	-0.23077	-0.14108	-0.66538	-0.43285	0	Recode
r200601	-61	0	143	1	13	0.0	9	0.00928	0.03944	-0.456	-0.2912	-0.48929	-0.34929	0	Recode
r200602	-61	0	143	1	13	0.0	9	0.00928	0.03944	-0.456	-0.2912	-0.48929	-0.34929	0	Recode
r200603	-61	0	143	1	13	0.0	9	0.00928	0.03712	-0.456	-0.2912	-0.48929	-0.34929	0	Recode
r200604	-77	0	159	1	13	0.0	9	0.00696	0.03712	-0.45185	-0.27	-0.55965	-0.35632	0	Recode
r200605	-61	0	143	1	13	0.0	9	0.00696	0.03712	-0.43846	-0.28	-0.4807	-0.34316	0	Recode
r200606	-77	0	159	1	0	0.0	9	0.00696	0.0464	-0.408	-0.2708	-0.4322	-0.31995	0	Recode
r200607	-76	0	152	1	13	1.3	8	0.00231	0.00693	-0.3	-0.15875	-0.53214	-0.34164	0	Recode
r200607	-106	0	182	1	0	0.0	9	0.00924	0.01155	-0.35455	-0.26636	-0.57727	-0.34995	0	Recode
r200608	-76	0	146	1	0	0.0	8	0.00701	0.03271	-0.48333	-0.29333	-0.4913	-0.39696	0	Recode
r200609	-97	0	167	1	0	0.0	9	0.02804	0.07944	-0.48696	-0.32174	-0.55476	-0.39714	0	Recode
r200612	-34	0	104	1	0	0.0	9	0.0162	0.02778	-0.17368	-0.10211	-0.5359	-0.29641	0	Recode
r200615	-40	0	110	1	0	0.0	9	0.00926	0.01852	-0.405	-0.31505	-0.47955	-0.32089	0	Recode
r200616	-40	0	110	1	0	0.0	9	0.00694	0.01389	-0.41053	-0.275	-0.55714	-0.40976	0	Recode
r200617	-40	0	110	1	2	0.0	9	0.01157	0.01389	-0.405	-0.2635	-0.52	-0.35889	0	Recode
r200623	-43	0	113	1	0	0.0	9	0.00701	0.04439	-0.14737	-0.08895	-0.46042	-0.28604	0	Recode
r200624	-55	0	140	1	0	0.0	9	0.01157	0.04398	-0.54348	-0.31478	-0.55556	-0.31926	0	Recode
r200625	-22	0	98	1	2	0.0	9	0.01166	0.03497	-0.41481	-0.25519	-0.52833	-0.3235	0	Recode
r200628	-52	0	128	1	0	0.0	9	0.01399	0.01865	-0.47619	-0.51114	-0.48298	-0.3654	0	Recode
r200629	-43	0	119	1	0	0.0	9	0.01839	0.02989	-0.15833	-0.15312	-0.23111	-0.18878	0	Recode
r200631	-80	0	207	1	16	3.8	9	0.00659	0.05275	-0.46552	-0.40903	-0.60351	-0.36982	0	Recode
r200631	-95	0	222	1	0	0.0	9	0.00659	0.04176	-0.29286	-0.19393	-0.50536	-0.34332	0	Recode
r200635	-83	0	159	1	0	0.0	9	0.02079	0.03464	-0.25217	-0.23348	-0.64151	-0.45564	0	Recode
r200636	-83	0	159	1	0	0.0	9	0.01379	0.01839	-0.36	-0.234	-0.41148	-0.28131	0	Recode
r200641	-67	0	140	1	0	0.0	8	0.03953	0.04884	-0.49048	-0.40038	-0.48298	-0.34894	0	Recode
r200642	-64	0	140	1	0	0.0	9	0.01399	0.02564	-0.17917	-0.07	-0.45882	-0.30471	0	Recode
r200642	-109	0	185	1	0	0.0	8	0.01865	0.02564	-0.42143	-0.25486	-0.51132	-0.35519	0	Recode
r200643	-64	0	140	1	0	0.0	9	0.01632	0.02564	-0.44231	-0.26654	-0.56379	-0.32533	0	Recode
r200644	-64	0	140	1	0	0.0	9	0.01865	0.02564	-0.44231	-0.26654	-0.56379	-0.32533	0	Recode
r200645	-64	0	140	1	0	0.0	9	0.01865	0.02564	-0.44231	-0.26654	-0.56379	-0.32533	0	Recode
r200646	-64	0	140	1	0	0.0	9	0.01869	0.0257	-0.44231	-0.26654	-0.56379	-0.32533	0	Recode
r200647	-64	0	140	1	0	0.0	9	0.01865	0.02564	-0.46	-0.2772	-0.57368	-0.33104	0	Recode
r200651	-31	0	107	1	13	2.5	9	0.00464	0.03016	-0.35	-0.24927	-0.58491	-0.38679	0	Recode
r200652	-73	0	143	1	0	0.0	9	0.00688	0.0367	-0.3	-0.22346	-0.45932	-0.32083	0	Recode
r200653	-89	0	159	1	2	0.0	9	0.00459	0.03211	-0.25385	-0.16	-0.45789	-0.3393	0	Recode
r200658	-103	0	179	1	0	0.0	8	0.01399	0.01632	-0.44167	-0.30333	-0.53333	-0.344	0	Recode
r200661	-43	0	116	1	0	0.0	9	0.0046	0.0069	-0.29333	-0.178	-0.46562	-0.30934	0	Recode
r200663	-61	0	134	1	0	0.0	9	0.0069	0.01149	-0.54444	-0.34056	-0.53061	-0.31945	0	Recode
r200663	-67	0	140	1	0	0.0	9	0.0046	0.01609	-0.55	-0.31365	-0.57647	-0.3822	0	Recode
r200665	-31	0	116	1	0	0.0	9	0.00909	0.03182	-0.28235	-0.26488	-0.38049	-0.27512	0	Recode
r200665	-43	0	128	1	13	2.7	9	0.02955	0.05455	-0.27059	-0.22282	-0.3775	-0.27517	0	Recode
r200666	-70	0	146	1	9	0.0	8	0.01354	0.02709	-0.22778	-0.17611	-0.445	-0.29375	0	Recode
r200670	-64	0	137	1	0	0.0	9	0.00698	0.0093	-0.45	-0.29655	-0.62727	-0.43107	0	Recode
r200675	-77	0	159	1	13	0.0	9	0.02088	0.02552	-0.36957	-0.24983	-0.4375	-0.28542	0	Recode
r200676	-43	0	119	1	15	3.8	9	0.01166	0.04196	-0.38929	-0.26643	-0.49833	-0.32333	0	Recode
r200681	-22	0	98	1	13	0.0	9	0.01632	0.01865	-0.4037	-0.2963	-0.49825	-0.31053	0	Recode
r200688	-89	0	159	1	13	0.0	9	0.01168	0.03271	-0.38095	-0.22762	-0.48235	-0.32549	0	Recode
r200691	-19	0	101	1	0	0.0	9	0.00928	0.03712	-0.17308	-0.13923	-0.40526	-0.30391	0	Recode
r200697	-86	0	159	1	0	0.0	9	0.00467	0.04907	-0.65	-0.40385	-0.42857	-0.29871	0	Recode
r200698	-67	0	140	1	0	0.0	9	0.00701	0.04907	-0.45	-0.32508	-0.57358	-0.37849	0	Recode
r200699	-67	0	140	1	0	0.0	9	0.00935	0.0514	-0.7	-0.46542	-0.58824	-0.3849	0	Recode
r200700	-67	0	140	1	0	0.0	9	0.00467	0.04673	-0.57778	-0.4	-0.52281	-0.34035	0	Recode
r200701	-67	0	140	1	0	0.0	9	0.00935	0.04673	-0.46	-0.308	-0.45926	-0.32717	0	Recode
r200702	-67	0	140	1	0	0.0	9	0.00701	0.0514	-0.376	-0.2628	-0.43148	-0.27167	0	Recode
r200703	-67	0	140	1	0	0.0	9	0.01402	0.04907	-0.39167	-0.27375	-0.43148	-0.32511	0	Recode
r200706	-77	0	159	1	13	0.0	9	0.00464	0.03944	-0.50435	-0.34696	-0.46071	-0.37275	0	Recode
r200707	-61	0	143	1	13	0.0	9	0.00464	0.03016	-0.56667	-0.34708	-0.61754	-0.40105	0	Recode
r200710	-25	0	110	1	0	0.0	9	0.00463	0.03704	-0.3	-0.26034	-0.42903	-0.29177	0	Recode
r200724	-64	0	140	1	0	0.0	9	0.02098	0.02797	-0.36087	-0.18652	-0.55	-0.29854	0	Recode
r200725	-64	0	140	1	0	0.0	9	0.02331	0.02564	-0.44583	-0.25417	-0.58246	-0.32209	0	Recode
r200728	-64	0	140	1	0	0.0	9	0.02098	0.02564	-0.44583	-0.25417	-0.58246	-0.32209	0	Recode
r200730	-64	0	140	1	0	0.0	9	0.01399	0.02331	-0.47083	-0.27542	-0.548	-0.3472	0	Recode
r200730	-103	0	179	1	0	0.0	8	0.01865	0.02331	-0.37037	-0.31467	-0.59184	-0.38918	0	Recode
r200731	-64	0	140	1	0	0.0	9	0.01865	0.02564	-0.44231	-0.26654	-0.56379	-0.32533	0	Recode
r200732	-64	0	140	1	0	0.0	9	0.01632	0.02797	-0.44231	-0.26654	-0.56379	-0.32533	0	Recode
r200733	-64	0	140	1	0	0.0	9	0.01865	0.02564	-0.44231	-0.26654	-0.56379	-0.32533	0	Recode
r200734	-64	0	140	1	0	0.0	9	0.01865	0.02564	-0.44231	-0.26654	-0.56379	-0.32533	0	Recode
r200735	-64	0	140	1	0	0.0	9	0.01865	0.02564	-0.44231	-0.26654	-0.57368	-0.33104	0	Recode
r200737	-22	0	98	1	3	0.0	9	0.01865	0.03263	-0.33333	-0.20952	-0.43455	-0.28927	0	Recode
r200754	-43	0	116	1	9	2.0	9	0.00701	0.00935	-0.67895	-0.50789	-0.475	-0.34625	0	Recode
r200768	-37	0	110	1	4	1.5	9	0.00466	0.0303	-0.28636	-0.19636	-0.52381	-0.35214	0	Recode
r200769	-37	0	110	1	4	1.5	9	0.00466	0.0303	-0.28636	-0.19636	-0.52381	-0.35214	0	Recode
r200780	-109	0	185	1	0	0.0	8	0.00924	0.01617	-0.55484	-0.34323	-0.54068	-0.35983	0	Recode
r200781	-107	0	159	1	13	2.7	9	0.00466	0.02564	-0.20714	-0.16071	-0.46349	-0.30508	0	Recode
r200782	-107	0	159	1	13	2.7	9	0.00466	0.02564	-0.20714	-0.16071	-0.46349	-0.30508	0	Recode
r200783	-31	0	113	1	0	0.0	9	0.00464	0.02552	-0.24615	-0.16577	-0.44677	-0.3021	0	Recode
r200784	-79	0	152	1	0	0.0	9	0.01636	0.01869	-0.34	-0.298	-0.3413	-0.28978	0	Recode
r200784	-106	0	179	1	0	0.0	9	0.00467	0.00701	-0.576	-0.3524	-0.46087	-0.30152	0	Recode
r200786	-86	0	159	1	15	3.8	9	0.00915	0.01373	-0.43333	-0.30823	-0.56452	-0.34729	0	Recode
r200786	-134	0	207	1	13	0.0	9	0.00915	0.01373	-0.3375	-0.17812	-0.55645	-0.34823	0	Recode
r200787	-22	0	98	1	0	0.0	9	0.01166	0.02797	-0.47727	-0.29773	-0.44902	-0.28059	0	Recode
r200788	-22	0	98	1	0	0.0	9	0.01166	0.01399	-0.64	-0.3985	-0.52326	-0.35028	0	Recode
r200789	-22	0	98	1	0	0.0	9	0.00699	0.02098	-0.52609	-0.34448	-0.49167	-0.35756	0	Recode
r200794	-82	0	158	1	0	0.0	9	0.00913	0.04566	-0.42143	-0.25429	-0.51746	-0.30921	0	Recode
r200795	-82	0	158	1	0	0.0	9	0.01142	0.04795	-0.35926	-0.21111	-0.59355	-0.36321	0	Recode
r200796	-82	0	158	1	0	0.0	9	0.01142	0.04795	-0.35926	-0.21111	-0.59355	-0.36321	0	Recode
r200797	-82	0	158	1	0	0.0	9	0.00913	0.04566	-0.41923	-0.22	-0.54516	-0.32323	0	Recode
r200798	-82	0	158	1	0	0.0	9	0.00913	0.04566	-0.41923	-0.22	-0.54516	-0.32323	0	Recode
r200799	-22	0	98	1	2	0.0	9	0.0137	0.0274	-0.42222	-0.26963	-0.54286	-0.34786	0	Recode
r200800	-22	0	98	1	2	0.0	9	0.0137	0.02511	-0.43846	-0.28	-0.56296	-0.36074	0	Recode
r200807	-77	0	159	1	13	0.0	9	0.00696	0.03712	-0.45185	-0.27	-0.49474	-0.31298	0	Recode
r200809	-89	0	159	1	0	0.0	9	0.00458	0.0389	-0.39677	-0.28226	-0.37969	-0.25828	0	Recode
r200810	-43	0	119	1	0	0.0	9	0.00932	0.02564	-0.16842	-0.26063	-0.3587	-0.23835	0	Recode
r200811	-67	0	140	1	0	0.0	9	0.00467	0.04439	-0.6875	-0.45792	-0.56491	-0.41298	0	Recode
r200814	-62	0	168	1	0	0.0	9	0.01167	0.02335	-0.37879	-0.29888	-0.74118	-0.49414	0	Recode
r200817	165	0	102	1	0	0.0	9	0.01375	0.02749	-0.37879	-0.29888	-0.74118	-0.49414	0	Recode
r200820	164	0	18	1	0	0.0	9	0.00997	0.01329	-0.56071	-0.48843	-0.60702	-0.49244	0	Recode
r200821	253	0	18	1	0	0.0	9	0.01394	0.02091	-0.56071	-0.48843	-0.62456	-0.45982	0	Recode
r200822	227	0	18	1	13	0.0	9	0.01633	0.02041	-0.39091	-0.30067	-0.5746	-0.36016	0	Recode
r200823	281	0	18	1	0	0.0	9	0.01429	0.01786	-0.37879	-0.29888	-0.74118	-0.49414	0	Recode
r200826	215	0	77	1	0	0.0	9	0.01375	0.02749	-0.37879	-0.29888	-0.63333	-0.42002	0	Recode
r200826	83	0	209	1	0	0.0	9	0.01031	0.02405	-0.24412	-0.17853	-0.46418	-0.30433	0	Recode
r200827	263	0	18	1	6	0.0	9	0.02048	0.02389	-0.46364	-0.27576	-0.62	-0.40083	0	Recode
r200829	173	0	98	1	0	0.0	9	0.01497	0.02994	-0.37879	-0.29888	-0.74118	-0.49414	0	Recode
r200835	-21	0	201	1	18	2.1	9	0.01215	0.01619	-0.43793	-0.316	-0.46	-0.28407	0	Recode
r200835	-90	0	270	1	0	0.0	9	0.01619	0.02024	-0.06	-0.03467	-0.36842	-0.27392	0	Recode
r200838	229	0	18	1	0	0.0	9	0.01761	0.03169	-0.27917	-0.28121	-0.32273	-0.25725	0	Recode
r200839	218	0	99	1	0	0.0	9	0.0084	0.01261	-0.6	-0.29167	-0.55577	-0.36654	0	Recode
r200841	156	0	102	1	0	0.0	9	0.01761	0.02817	-0.35938	-0.27312	-0.56154	-0.37154	0	Recode
r200842	199	0	42	1	0	0.0	9	0.01205	0.02811	-0.41818	-0.28836	-0.61094	-0.42781	0	Recode
r200844	-15	0	153	1	13	0.0	8	0.00474	0.02844	-0.24231	-0.20423	-0.39811	-0.22868	0	Recode
r200846	-30	0	177	1	0	0.0	9	0.02262	0.02715	-0.455	-0.40425	-0.53864	-0.3877	0	Recode
r200849	-116	0	219	1	0	0.0	9	0.01802	0.02703	-0.475	-0.47888	-0.47959	-0.32061	0	Recode
r200849	-137	0	240	1	0	0.0	8	0.02252	0.02703	-0.48333	-0.34661	-0.57778	-0.37844	0	Recode
r200851	226	0	18	1	0	0.0	9	0.01786	0.025	-0.38485	-0.27121	-0.51148	-0.3362	0	Recode
r200852	21	0	198	1	13	3.0	8	0.01418	0.02128	-0.252	-0.1944	-0.40175	-0.27546	0	Recode
r200854	189	0	18	1	16	3.8	9	0.00738	0.02583	-0.4	-0.25059	-0.55088	-0.38539	0	Recode
r200855	57	0	78	1	13	0.0	8	0.00478	0.02871	-0.36522	-0.18604	-0.46792	-0.31291	0	Recode
r200856	144	0	42	1	0	0.0	9	0.01103	0.01471	-0.36364	-0.24273	-0.62985	-0.39672	0	Recode
r200858	1	0	106	1	13	0.0	8	0.00478	0.02392	-0.36522	-0.18604	-0.48679	-0.31775	0	Recode
r200861	-10	0	185	1	9	2.5	8	0.01688	0.0211	-0.29583	-0.15625	-0.44737	-0.3346	0	Recode
r200861	-25	0	200	1	0	0.0	9	0.0211	0.03376	-0.11905	-0.16405	-0.53529	-0.37	0	Recode
r200862	17	0	137	1	2	2.6	9	0.00407	0.02846	-0.18889	-0.21481	-0.61017	-0.36932	0	Recode
r200862	2	0	152	1	0	0.0	8	0.02033	0.02846	-0.5	-0.31483	-0.60714	-0.40416	0	Recode
r200862	-40	0	194	1	0	0.0	9	0.01626	0.02439	-0.43077	-0.31827	-0.53214	-0.35107	0	Recode
r200862	-49	0	203	1	0	0.0	9	0.02033	0.02439	-0.33704	-0.24963	-0.60179	-0.36286	0	Recode
r200863	258	1	3	1	13	0.0	8	0.00503	0.02513	-0.25417	-0.17708	-0.43846	-0.25981	0	Recode
r200864	-2	0	153	1	13	0.0	8	0.00472	0.0283	-0.24231	-0.20423	-0.43654	-0.24602	0	Recode
r200864	-107	0	258	1	0	0.0	9	0.01415	0.01887	-0.39286	-0.205	-0.58696	-0.36826	0	Recode
r200865	225	0	54	1	0	0.0	9	0.01951	0.02439	-0.40909	-0.29785	-0.61231	-0.41168	0	Recode
r200867	194	0	95	1	0	0.0	9	0.01119	0.02985	-0.01481	-0.0463	-0.38983	-0.30085	0	Recode
r200867	170	0	119	1	0	0.0	9	0.01493	0.01866	-0.07727	-0.08	-0.3386	-0.25193	0	Recode
r200867	158	0	131	1	0	0.0	9	0.01493	0.01866	-0.085	-0.0765	-0.22308	-0.16577	0	Recode
r200868	204	0	18	1	0	0.0	9	0.01761	0.02465	-0.38485	-0.27121	-0.56935	-0.39076	0	Recode
r200869	25	0	196	1	13	3.0	8	0.01418	0.02128	-0.252	-0.1944	-0.40175	-0.27546	0	Recode
r200872	203	0	83	1	0	0.0	9	0.01038	0.02076	-0.37879	-0.29888	-0.72692	-0.48463	0	Recode
r200874	-84	0	156	1	0	0.0	9	0.01261	0.01681	-0.36364	-0.24273	-0.62985	-0.39672	0	Recode
r200875	3	0	183	1	0	1.5	8	0.01167	0.01946	-0.3	-0.22318	-0.61852	-0.40202	0	Recode
r200875	-18	0	204	1	0	0.0	9	0.01946	0.03502	-0.2	-0.17947	-0.51042	-0.36125	0	Recode
r200876	191	0	26	1	0	0.0	9	0.01439	0.02158	-0.3129	-0.26645	-0.7283	-0.4846	0	Recode
r200879	47	0	89	1	2	0.0	8	0.00478	0.03349	-0.11379	-0.09483	-0.33208	-0.22849	0	Recode
r200880	59	0	83	1	2	0.0	8	0.00478	0.03828	-0.11379	-0.09483	-0.30556	-0.21278	0	Recode
r200881	231	0	18	1	0	0.0	9	0.01786	0.02857	-0.37879	-0.29888	-0.74118	-0.49414	0	Recode
r200883	48	0	90	1	0	0.0	9	0.01914	0.02392	-0.20714	-0.16754	-0.43	-0.2748	0	Recode
r200884	44	0	92	1	0	0.0	9	0.01914	0.02392	-0.20714	-0.16754	-0.43	-0.2748	0	Recode
r200888	-55	0	137	1	0	0.0	9	0.01606	0.0241	-0.43103	-0.31517	-0.6283	-0.45302	0	Recode
r200889	21	0	147	1	0	0.0	9	0.01533	0.02682	-0.21538	-0.16538	-0.53091	-0.39891	0	Recode
r200889	-102	0	270	1	0	0.0	9	0.00383	0.02299	-0.128	-0.1252	-0.64528	-0.35981	0	Recode
r200891	-98	0	234	1	6	0.0	9	0.03731	0.04104	-0.68	-0.4088	-0.50328	-0.32885	0	Recode
r200897	127	0	52	1	0	0.0	9	0.01773	0.02482	-0.38485	-0.27121	-0.56935	-0.39076	0	Recode
r200898	17	0	200	1	13	3.0	8	0.01071	0.01429	-0.23333	-0.19995	-0.47222	-0.33481	0	Recode
r200899	250	0	18	1	13	0.0	9	0.02008	0.0241	-0.40937	-0.27562	-0.61967	-0.45015	0	Recode
r200902	52	0	79	1	13	0.0	8	0.00448	0.03587	-0.28333	-0.12867	-0.44	-0.28891	0	Recode
r200902	22	0	109	1	0	0.0	9	0.00897	0.01794	-0.316	-0.18072	-0.49434	-0.28445	0	Recode
r200904	196	0	57	1	0	0.0	9	0.01779	0.02491	-0.44545	-0.28212	-0.56515	-0.37848	0	Recode
r200905	123	0	102	1	0	0.0	9	0.01754	0.02105	-0.43125	-0.28781	-0.55439	-0.40714	0	Recode
r200906	195	0	42	1	13	2.5	9	0.02	0.024	-0.30909	-0.23194	-0.67692	-0.45062	0	Recode
r200910	-21	0	111	1	13	1.0	8	0.00476	0.0381	-0.27143	-0.16357	-0.38182	-0.25727	0	Recode
r200915	151	0	46	1	0	0.0	9	0.01079	0.01439	-0.37097	-0.27161	-0.72222	-0.48276	0	Recode
r200916	95	0	95	1	12	2.1	9	0.01646	0.02469	-0.3625	-0.25875	-0.5459	-0.35525	0	Recode
r200916	29	0	161	1	4	0.0	9	0.00412	0.02469	-0.39259	-0.30822	-0.5377	-0.36567	0	Recode
r200916	11	0	179	1	13	0.0	9	0.00823	0.02469	-0.36522	-0.30261	-0.58421	-0.3814	0	Recode
r200917	294	0	18	1	0	0.0	9	0.01049	0.02098	-0.43143	-0.28971	-0.57183	-0.35423	0	Recode
r200918	10	0	178	1	1	2.5	9	0.01395	0.0186	-0.45455	-0.32773	-0.55357	-0.34268	0	Recode
r200918	-5	0	193	1	0	0.0	9	0.00465	0.0093	-0.22222	-0.15444	-0.51042	-0.34521	0	Recode
r200918	-14	0	202	1	0	0.0	9	0.0186	0.02326	-0.19	-0.1705	-0.42708	-0.27979	0	Recode
r200919	271	0	24	1	0	0.0	8	0.01258	0.01887	-0.38	-0.2603	-0.50714	-0.32693	0	Recode
r200920	56	0	155	1	0	0.0	9	0.00448	0.00897	-0.23684	-0.17789	-0.44524	-0.32405	0	Recode
r200920	35	0	176	1	9	0.0	8	0.04036	0.05381	-0.04211	-0.06	-0.425	-0.30932	0	Recode
r200921	108	0	123	1	9	0.0	8	0.00722	0.03971	-0.80741	-0.53889	-0.5629	-0.40645	0	Recode
r200922	431	0	18	1	0	0.0	9	0.0098	0.01961	-0.51852	-0.48411	-0.47755	-0.33294	0	Recode
r200923	254	1	3	1	8	0.0	8	0.00329	0.04605	-0.56452	-0.35387	-0.51803	-0.34049	0	Recode
r200923	245	0	12	1	8	0.0	9	0.00987	0.02303	-0.48621	-0.35686	-0.51356	-0.36339	0	Recode
r200926	201	0	84	1	0	0.0	9	0.01379	0.02069	-0.37812	-0.28375	-0.77347	-0.51818	0	Recode
r200926	81	0	204	1	16	2.4	9	0.01724	0.02759	-0.04412	-0.05941	-0.34063	-0.23266	0	Recode
r200929	272	1	3	1	10	1.9	8	0.00319	0.02875	-0.32759	-0.22931	-0.48364	-0.33055	0	Recode
r200929	263	0	12	1	23	2.1	9	0.00639	0.02236	-0.38214	-0.26464	-0.5037	-0.34852	0	Recode
r200932	117	0	108	1	8	0.0	8	0.0035	0.04196	-0.68333	-0.42633	-0.47241	-0.31498	0	Recode
r200932	108	0	117	1	8	0.0	9	0.01049	0.01748	-0.40714	-0.30282	-0.48929	-0.31232	0	Recode
r200933	236	0	11	1	8	0.0	8	0.00298	0.03274	-0.48214	-0.32893	-0.37719	-0.25263	0	Recode
r200933	227	0	20	1	8	0.0	9	0.00595	0.01786	-0.45172	-0.40186	-0.45	-0.32054	0	Recode
r200933	224	0	23	1	0	0.0	9	0.01488	0.02083	-0.46429	-0.33643	-0.49825	-0.3334	0	Recode
r200934	145	0	43	1	0	0.0	9	0.01685	0.02247	-0.57188	-0.43097	-0.50294	-0.33734	0	Recode
r200935	301	1	3	1	12	3.2	9	0.00331	0.04967	-0.46129	-0.32065	-0.61014	-0.39826	0	Recode
r200935	241	0	63	1	13	0.0	9	0.01987	0.02649	-0.41714	-0.32531	-0.55	-0.40191	0	Recode
r200936	-55	0	146	1	8	1.9	8	0.00368	0.03309	-0.50968	-0.37665	-0.39385	-0.26369	0	Recode
r200936	-64	0	155	1	13	1.5	9	0.01103	0.02574	-0.39667	-0.36327	-0.44839	-0.30694	0	Recode
r200936	-73	0	164	1	0	0.0	8	0.00735	0.01838	-0.43125	-0.38313	-0.62656	-0.44578	0	Recode
r200937	313	0	18	1	0	0.0	9	0.00915	0.0122	-0.56071	-0.48843	-0.60702	-0.49244	0	Recode
r200938	232	0	18	1	0	0.0	9	0.01553	0.02795	-0.56071	-0.48843	-0.60345	-0.49793	0	Recode
r200939	191	0	18	1	0	0.0	9	0.00893	0.01488	-0.56071	-0.48843	-0.56667	-0.49244	0	Recode
r200941	-147	0	174	1	0	0.0	9	0.01132	0.01887	-0.31724	-0.20207	-0.44667	-0.29452	0	Recode
r200946	-68	0	124	1	7	1.2	8	0.00391	0.02344	-0.58824	-0.43821	-0.55522	-0.37642	0	Recode
r200946	-83	0	139	1	1	0.0	9	0.01562	0.02344	-0.44138	-0.27845	-0.58182	-0.37303	0	Recode
r200946	-86	0	142	1	0	0.0	8	0.01953	0.03125	-0.40333	-0.26917	-0.59851	-0.36507	0	Recode
r200947	185	0	51	1	13	2.6	8	0.02756	0.0315	-0.4875	-0.38313	-0.69545	-0.47848	0	Recode
r200949	264	0	36	1	2	0.0	9	0.01594	0.0239	-0.48529	-0.40129	-0.70635	-0.48016	0	Recode
r200952	42	0	87	1	13	0.0	8	0.0045	0.01802	-0.25	-0.15	-0.45714	-0.29714	0	Recode
r200953	222	0	18	1	0	0.0	9	0.025	0.03214	-0.38485	-0.27121	-0.53651	-0.40297	0	Recode
r200954	161	0	83	1	0	0.0	9	0.01404	0.02105	-0.41818	-0.28576	-0.5807	-0.38872	0	Recode
r200955	-12	0	180	1	3	2.8	9	0.01408	0.01761	-0.32593	-0.24889	-0.50526	-0.35702	0	Recode
r200955	-54	0	222	1	15	3.8	9	0.02817	0.03169	-0.24545	-0.18418	-0.41538	-0.32327	0	Recode
r200955	-72	0	240	1	13	2.7	8	0.01056	0.01408	-0.13684	-0.14474	-0.36304	-0.25283	0	Recode
r200955	-78	0	246	1	1	0.0	9	0.01056	0.02113	-0.10952	-0.0919	-0.38723	-0.26787	0	Recode
r200975	3057	1	123	-1	6	0.0	5	0.02768	0.01384	-0.4	-0.33883	-0.51778	-0.32622	0	Recode
r200975	3003	1	177	-1	1	0.0	0	0.02076	0.03114	-0.33182	-0.15045	-0.46889	-0.30373	0	Recode
r200975	2982	0	198	-1	4	0.0	1	0.0173	0.01384	-0.18889	-0.095	-0.38421	-0.26971	0	Recode
r200976	3122	1	81	-1	0	0.0	4	0.02516	0.00943	-0.44545	-0.25877	-0.41818	-0.30961	0	Recode
r200976	2966	1	237	-1	1	0.0	2	0.02516	0.01258	-0.24762	-0.15286	-0.27143	-0.23884	0	Recode
r200976	2912	1	291	-1	0	0.0	0	0.01887	0.02201	-0.48636	-0.30268	-0.46818	-0.31709	0	Recode
r200977	2954	1	165	-1	1	0.0	2	0.0098	0.01634	-0.365	-0.2645	-0.35814	-0.29374	0	Recode
r200977	2900	1	219	-1	13	0.0	0	0.03268	0.03268	-0.0619	-0.16038	-0.47381	-0.30929	0	Recode
r200978	3167	1	21	-1	13	1.1	6	0.02208	0.00946	-0.13636	-0.36005	-0.36923	-0.32233	0	Recode
r200978	3164	1	24	-1	1	0.0	1	0.01577	0.00946	-0.0619	-0.34814	-0.32368	-0.28163	0	Recode
r200978	3161	1	27	-1	0	0.0	4	0.01893	0.01893	-0.05	-0.36555	-0.27949	-0.21974	0	Recode
r200978	2951	1	237	-1	1	0.0	2	0.01577	0.01577	-0.59048	-0.40286	-0.69762	-0.46048	0	Recode
r200978	2897	1	291	-1	1	0.0	0	0.01577	0.01577	-0.07895	-0.09421	-0.55952	-0.4159	0	Recode
r200979	2920	1	219	-1	1	0.0	0	0.01613	0.03226	-0.29412	-0.24471	-0.40488	-0.24588	0	Recode
r200980	3329	1	99	-1	13	0.0	5	0.01316	0.02303	-0.328	-0.2452	-0.43208	-0.27019	0	Recode
r200980	3197	1	231	-1	2	0.0	0	0.02303	0.00987	-0.145	-0.084	-0.39737	-0.27263	0	Recode
r200980	3194	1	234	-1	13	0.0	7	0.03947	0.03947	-0.1381	-0.08	-0.38158	-0.27263	0	Recode
r200981	2814	1	267	-1	6	1.8	0	0.01935	0.0129	-0.2	-0.18815	-0.365	-0.34725	0	Recode
r200982	3607	1	159	-1	0	0.0	7	0.03472	0.01736	-0.11	-0.1195	-0.2439	-0.29132	0	Recode
r200982	3556	1	210	-1	1	0.0	0	0.02083	0.01736	-0.50909	-0.40755	-0.46905	-0.32074	0	Recode
r200983	2707	1	297	-1	0	1.0	6	0.0283	0.01887	-0.11818	-0.11136	-0.36222	-0.26067	0	Recode
r200984	3960	1	189	-1	13	1.9	1	0.01045	0.02091	-0.33182	-0.37418	-0.59	-0.435	0	Recode
r200984	3957	1	192	-1	13	1.7	1	0.02439	0.00697	-0.38182	-0.35214	-0.56829	-0.42439	0	Recode
r200984	3954	1	195	-1	6	0.0	0	0.01742	0.02439	-0.37727	-0.28986	-0.46829	-0.36032	0	Recode
r200985	3088	1	72	-1	6	2.0	7	0.0118	0.0059	-0.25	-0.19611	-0.27317	-0.2078	0	Recode
r200985	2854	1	306	-1	13	0.0	7	0.0118	0.0118	-0.35909	-0.26455	-0.46939	-0.27469	0	Recode
r200985	2764	1	396	-1	24	5.3	0	0.0236	0.00885	-0.368	-0.256	-0.40909	-0.26261	0	Recode
r200986	840	1	87	-1	0	0.0	3	0.025	0.025	-0.21923	-0.26646	-0.464	-0.2818	0	Recode
r200986	837	1	90	-1	0	0.0	5	0.025	0.025	-0.22593	-0.17456	-0.454	-0.29	0	Recode
r200987	3082	1	174	-1	1	0.0	0	0.01742	0.01742	-0.2625	-0.14079	-0.41905	-0.30919	0	Recode
r200987	3073	1	183	-1	2	0.0	7	0.02439	0.01394	-0.22778	-0.13722	-0.3825	-0.29665	0	Recode
r200988	2981	1	162	-1	14	2.2	4	0.02048	0.01365	-0.4087	-0.3187	-0.48696	-0.3478	0	Recode
r200988	2978	1	165	-1	14	2.5	2	0.02048	0.02048	-0.24348	-0.16848	-0.39778	-0.29382	0	Recode
r200988	2975	1	168	-1	2	0.0	1	0.03072	0.02389	-0.16364	-0.15523	-0.37333	-0.29382	0	Recode
r200988	2924	1	219	-1	0	0.0	0	0.01706	0.01365	-0.2913	-0.20609	-0.36667	-0.30422	0	Recode
r200989	2942	1	162	-1	13	1.7	4	0.01375	0.01031	-0.48889	-0.23994	-0.5025	-0.306	0	Recode
r200989	2939	1	165	-1	1	0.0	2	0.02062	0.01718	-0.5	-0.25406	-0.45789	-0.30037	0	Recode
r200989	2885	1	219	-1	0	0.0	0	0.01031	0.01031	-0.4625	-0.24208	-0.43902	-0.27217	0	Recode
r200990	852	1	87	-1	0	0.0	3	0.01246	0.01558	-0.27931	-0.17345	-0.36078	-0.28353	0	Recode
r200990	849	1	90	-1	0	0.0	5	0.0405	0.0405	-0.27	-0.16767	-0.37	-0.2892	0	Recode
r200991	2988	1	129	-1	0	0.0	6	0.02055	0.00685	-0.27619	-0.30638	-0.36047	-0.29916	0	Recode
r200991	2949	1	168	-1	1	0.0	6	0.0274	0.03425	-0.51765	-0.27259	-0.4025	-0.26995	0	Recode
r200991	2895	1	222	-1	13	2.2	0	0.01712	0.0137	-0.49524	-0.60881	-0.5525	-0.4117	0	Recode
r200992	2683	1	234	-1	0	0.0	0	0.03691	0.01342	-0.27647	-0.22176	-0.38205	-0.29169	0	Recode
r200993	3331	1	117	-1	1	0.0	2	0.02062	0.02749	-0.47895	-0.27974	-0.46744	-0.27977	0	Recode
r200993	3283	1	165	-1	1	0.0	6	0.02749	0.01718	-0.68824	-0.36471	-0.54737	-0.30503	0	Recode
r200993	3232	1	216	-1	13	1.7	1	0.02749	0.01375	-0.36667	-0.2461	-0.53846	-0.32687	0	Recode
r200993	3229	1	219	-1	1	0.0	0	0.01375	0.02062	-0.32105	-0.24421	-0.53846	-0.32687	0	Recode
r200994	2750	1	177	-1	13	0.0	4	0.01007	0.02349	-0.435	-0.245	-0.42821	-0.29767	0	Recode
r200994	2693	1	234	-1	1	0.0	0	0.01342	0.02685	-0.37059	-0.27176	-0.46216	-0.28703	0	Recode
r200995	2791	1	27	-1	0	0.0	4	0.02	0.00667	-0.245	-0.1665	-0.38478	-0.24891	0	Recode
r200995	2605	1	213	-1	9	0.0	0	0.02333	0.02333	-0.41739	-0.3113	-0.44681	-0.29236	0	Recode
r200996	715	1	63	-1	21	1.9	1	0.01091	0.00727	-0.24091	-0.14545	-0.38571	-0.26776	0	Recode
r200996	655	1	123	-1	0	0.0	2	0.02545	0.01091	-0.536	-0.2984	-0.47556	-0.28302	0	Recode
r200997	2884	1	228	-1	13	1.7	5	0.02349	0.00336	-0.2087	-0.1713	-0.50435	-0.30561	0	Recode
r200997	2881	1	231	-1	1	0.0	0	0.02013	0.01007	-0.16957	-0.1713	-0.41364	-0.29861	0	Recode
r200998	2995	1	390	-1	15	2.0	6	0.01488	0.01488	-0.45	-0.305	-0.34898	-0.26984	0	Recode
r200999	3037	1	72	-1	0	0.0	4	0.01434	0.00717	-0.2931	-0.32972	-0.3234	-0.31817	0	Recode
r200999	2935	1	174	-1	1	0.0	0	0.01792	0.01075	-0.44762	-0.30143	-0.44737	-0.28	0	Recode
r201000	3161	1	270	-1	2	0.0	6	0.01935	0.01613	-0.31053	-0.31121	-0.51282	-0.39297	0	Recode
r201000	3158	1	273	-1	6	0.0	1	0.01613	0.02581	-0.31111	-0.3285	-0.48718	-0.39297	0	Recode
r201000	3155	1	276	-1	13	0.0	0	0.02581	0.02581	-0.15882	-0.258	-0.48462	-0.39297	0	Recode
r201001	3508	1	48	-1	0	0.0	4	0.01869	0.03115	-0.36364	-0.27364	-0.39348	-0.27235	0	Recode
r201001	3505	1	51	-1	0	0.0	5	0.03115	0.02804	-0.40833	-0.25112	-0.47083	-0.31662	0	Recode
r201001	3337	1	219	-1	0	0.0	0	0.02181	0.01869	-0.344	-0.33992	-0.56	-0.37673	0	Recode
r201002	2761	1	213	-1	1	0.0	2	0.01618	0.01942	-0.25	-0.14955	-0.30238	-0.24643	0	Recode
r201003	2899	1	240	-1	13	1.2	6	0.01329	0.01329	-0.185	-0.1325	-0.56	-0.4924	0	Recode
r201004	4309	1	102	-1	0	0.0	1	0.02389	0.0273	-0.26364	-0.15591	-0.4413	-0.33985	0	Recode
r201004	4249	1	162	-1	0	0.0	7	0.02048	0.01024	-0.2	-0.1844	-0.44082	-0.28878	0	Recode
r201004	4147	1	264	-1	0	0.0	1	0.01706	0.03072	-0.26818	-0.27932	-0.37727	-0.30759	0	Recode
r201004	4120	1	291	-1	0	0.0	0	0.03072	0.01365	-0.17222	-0.15778	-0.37692	-0.31659	0	Recode
r201004	4117	1	294	-1	0	0.0	7	0.0273	0.0273	-0.38889	-0.30833	-0.37895	-0.31261	0	Recode
r201005	3072	1	60	-1	0	1.2	7	0.01014	0.02027	-0.31905	-0.19429	-0.54545	-0.31864	0	Recode
r201005	2982	1	150	-1	0	0.0	1	0.02027	0.02027	-0.6087	-0.48148	-0.64318	-0.4408	0	Recode
r201005	2931	1	201	-1	0	0.0	0	0.02027	0.01689	-0.388	-0.26944	-0.48958	-0.32248	0	Recode
r201005	2928	1	204	-1	0	0.0	7	0.03041	0.03041	-0.388	-0.26944	-0.41957	-0.325	0	Recode
r201006	3093	1	162	-1	0	0.0	2	0.0298	0.01987	-0.33684	-0.20847	-0.38864	-0.25818	0	Recode
r201006	3039	1	216	-1	2	1.1	0	0.01656	0.01325	-0.18095	-0.15	-0.3825	-0.33133	0	Recode
r201007	2940	1	33	-1	13	1.8	1	0.02768	0.0173	-0.47727	-0.28318	-0.60513	-0.42026	-1	Recode
r201007	2898	1	75	-1	0	0.0	2	0.0173	0.01384	-0.4	-0.25227	-0.53095	-0.37348	0	Recode
r201007	2895	1	78	-1	0	0.0	7	0.0346	0.02422	-0.4	-0.25227	-0.50465	-0.33377	0	Recode
r201007	2817	1	156	-1	13	1.7	4	0.0173	0.01038	-0.38125	-0.39806	-0.41714	-0.27743	0	Recode
r201007	2814	1	159	-1	1	0.0	2	0.02076	0.01384	-0.48125	-0.49	-0.41212	-0.32667	0	Recode
r201007	2760	1	213	-1	1	0.0	0	0.02076	0.01384	-0.46	-0.23565	-0.60278	-0.36897	0	Recode
r201007	2757	1	216	-1	0	0.0	1	0.02422	0.03806	-0.4381	-0.2311	-0.58333	-0.31531	0	Recode
r201008	575	0	285	-1	19	2.5	6	0.00341	0.00341	-0.37619	-0.32333	-0.4619	-0.3381	0	Recode
r201009	2717	1	234	-1	1	0.0	0	0.0302	0.01007	-0.255	-0.2152	-0.32051	-0.20487	0	Recode
r201010	2894	1	243	-1	0	0.0	0	0.01656	0.02318	-0.34286	-0.21571	-0.40465	-0.23858	0	Recode
r201011	3130	1	33	-1	0	0.0	1	0.0173	0.01384	-0.33333	-0.26333	-0.47317	-0.34878	0	Recode
r201011	3004	1	159	-1	1	0.0	6	0.02768	0.02422	-0.31667	-0.28861	-0.35556	-0.25958	0	Recode
r201011	2953	1	210	-1	13	1.7	1	0.02422	0.03806	-0.27273	-0.16364	-0.50732	-0.37015	0	Recode
r201011	2950	1	213	-1	2	0.0	0	0.01384	0.0173	-0.23478	-0.1887	-0.52857	-0.36133	0	Recode
r201012	2964	1	147	-1	14	0.0	2	0.01689	0.00676	-0.22381	-0.16	-0.44048	-0.32045	0	Recode
r201012	2961	1	150	-1	0	0.0	1	0.02703	0.03041	-0.3	-0.1715	-0.46047	-0.32207	0	Recode
r201012	2910	1	201	-1	6	1.0	0	0.01689	0.01689	-0.508	-0.3312	-0.53333	-0.34778	0	Recode
r201012	2907	1	204	-1	14	1.9	7	0.03378	0.03378	-0.508	-0.3312	-0.54545	-0.35568	0	Recode
r201013	2940	1	207	-1	6	0.0	0	0.01342	0.02349	-0.34815	-0.23704	-0.51702	-0.35553	0	Recode
r201014	2948	1	96	-1	0	0.0	6	0.01071	0.04643	-0.19091	-0.16273	-0.41915	-0.25606	0	Recode
r201014	2921	1	123	-1	1	0.0	6	0.02143	0.01071	-0.39474	-0.285	-0.3234	-0.24179	0	Recode
r201014	2867	1	177	-1	0	0.0	0	0.025	0.02143	-0.32273	-0.28045	-0.53415	-0.36171	0	Recode
r201014	2864	1	180	-1	0	0.0	7	0.04286	0.04286	-0.38696	-0.26826	-0.51463	-0.3539	0	Recode
r201015	3474	1	165	-1	1	0.0	2	0.01695	0.01695	-0.35294	-0.28941	-0.3925	-0.3315	0	Recode
r201015	3420	1	219	-1	13	0.0	0	0.04068	0.01695	-0.42632	-0.32437	-0.39167	-0.28417	0	Recode
r201016	3989	1	114	-1	0	0.0	1	0.01677	0.01468	-0.25882	-0.17765	-0.46	-0.3368	0	Recode
r201016	3956	1	147	-1	0	0.0	1	0.00839	0.02306	-0.15	-0.12812	-0.35	-0.23029	0	Recode
r201016	3938	1	165	-1	1	0.0	6	0.00839	0.00839	-0.31053	-0.33021	-0.38889	-0.28317	0	Recode
r201016	3884	1	219	-1	0	0.0	6	0.01677	0.02516	-0.33889	-0.24778	-0.48158	-0.29684	0	Recode
r201017	3136	1	24	-1	0	0.0	1	0.0177	0.02065	-0.14167	-0.11292	-0.46905	-0.2981	0	Recode
r201017	3112	1	48	-1	0	0.0	4	0.0118	0.0236	-0.27826	-0.15609	-0.32609	-0.21087	0	Recode
r201017	3091	1	69	-1	2	0.0	2	0.01475	0.0295	-0.21579	-0.19421	-0.30698	-0.19802	0	Recode
r201017	3088	1	72	-1	6	2.0	7	0.02065	0.0236	-0.29	-0.246	-0.38889	-0.26467	0	Recode
r201017	3031	1	129	-1	0	0.0	5	0.01475	0.0118	-0.124	-0.1556	-0.43409	-0.29341	0	Recode
r201017	2764	1	396	-1	24	4.8	0	0.02065	0.0118	-0.33462	-0.21158	-0.37234	-0.28606	0	Recode
r201018	2918	1	180	-1	6	0.0	0	0.00717	0.02509	-0.66	-0.426	-0.5	-0.33413	0	Recode
r201019	3165	1	111	-1	0	0.0	5	0.01807	0.01205	-0.54286	-0.37036	-0.6	-0.43765	0	Recode
r201019	3042	1	234	-1	0	0.0	7	0.01205	0.01506	-0.26522	-0.1943	-0.38542	-0.27606	0	Recode
r201019	2937	1	339	-1	1	0.0	0	0.01205	0.01807	-0.26087	-0.18783	-0.56304	-0.35152	0	Recode
r201020	2953	1	156	-1	1	0.0	2	0.01038	0.01038	-0.19412	-0.10765	-0.53143	-0.28829	0	Recode
r201020	2899	1	210	-1	1	0.0	0	0.02076	0.0173	-0.29091	-0.215	-0.37949	-0.30051	0	Recode
r201021	2927	1	54	-1	13	2.3	4	0.02194	0.03448	-0.25	-0.20883	-0.41429	-0.29474	0	Recode
r201021	2684	1	297	-1	3	1.0	6	0.02194	0.01881	-0.50526	-0.36553	-0.51389	-0.41139	0	Recode
r201021	2681	1	300	-1	12	3.2	3	0.01881	0.01254	-0.50526	-0.31126	-0.52973	-0.34378	0	Recode
r201022	2684	1	333	-1	13	0.0	6	0.01511	0.02417	-0.25	-0.2602	-0.4625	-0.41785	0	Recode
r201023	3372	1	138	-1	0	0.0	5	0.02405	0.01375	-0.29524	-0.28186	-0.47442	-0.29651	0	Recode
r201023	3345	1	165	-1	1	0.0	6	0.01718	0.03093	-0.35	-0.23994	-0.34474	-0.23529	0	Recode
r201023	3291	1	219	-1	0	0.0	0	0.01375	0.00687	-0.28	-0.1355	-0.41026	-0.26456	0	Recode
r201025	2821	1	171	-1	2	0.0	1	0.01672	0.00669	-0.22353	-0.13706	-0.43421	-0.30237	0	Recode
r201025	2755	1	237	-1	0	0.0	0	0.01672	0.00669	-0.37222	-0.19728	-0.42368	-0.28605	0	Recode
r201025	2752	1	240	-1	0	0.0	7	0.02676	0.03679	-0.35789	-0.28526	-0.43514	-0.29378	0	Recode
r201026	3121	1	141	-1	2	1.0	6	0.02007	0.03679	-0.32083	-0.23458	-0.48478	-0.32574	0	Recode
r201026	3028	1	234	-1	0	0.0	0	0.01003	0.02007	-0.46818	-0.27736	-0.48611	-0.35908	0	Recode
r201026	3025	1	237	-1	0	0.0	7	0.02341	0.04348	-0.68636	-0.39136	-0.54865	-0.39122	0	Recode
r201027	2999	1	165	-1	1	0.0	6	0.01718	0.03436	-0.49412	-0.31765	-0.47895	-0.32632	0	Recode
r201027	2945	1	219	-1	0	0.0	0	0.01031	0.00687	-0.31667	-0.15944	-0.45	-0.30133	0	Recode
r201028	3773	1	231	-1	6	1.8	6	0.02592	0.01296	-0.46842	-0.29421	-0.48537	-0.32268	0	Recode
r201029	3317	1	165	-1	1	0.0	6	0.02749	0.03093	-0.44444	-0.40278	-0.51944	-0.42964	0	Recode
r201029	3278	1	204	-1	0	0.0	5	0.04467	0.00344	-0.3875	-0.29596	-0.5878	-0.38924	0	Recode
r201029	3263	1	219	-1	1	0.0	0	0.01375	0.01375	-0.50952	-0.29286	-0.60256	-0.41151	0	Recode
r201030	3134	1	75	-1	0	0.0	5	0.02667	0.01667	-0.316	-0.3184	-0.40976	-0.29561	0	Recode
r201030	3131	1	78	-1	0	0.0	1	0.03333	0.01667	-0.244	-0.2372	-0.39286	-0.28857	0	Recode
r201030	2972	1	237	-1	0	0.0	0	0.02333	0.03667	-0.475	-0.31643	-0.44038	-0.30327	0	Recode
r201030	2969	1	240	-1	0	0.0	7	0.01667	0.01667	-0.43214	-0.28857	-0.458	-0.3154	0	Recode
r201031	2998	1	108	-1	0	0.0	2	0.02083	0.01736	-0.54783	-0.4	-0.41224	-0.28776	0	Recode
r201031	2908	1	198	-1	0	0.0	6	0.04167	0.01736	-0.4	-0.30333	-0.475	-0.29311	0	Recode
r201031	2896	1	210	-1	0	0.0	0	0.01736	0.00694	-0.25	-0.17778	-0.4775	-0.29962	0	Recode
r201032	2999	1	162	-1	1	0.0	2	0.02265	0.01618	-0.44231	-0.27346	-0.45	-0.3304	0	Recode
r201032	2945	1	216	-1	13	0.0	0	0.02265	0.02265	-0.52174	-0.29304	-0.506	-0.32266	0	Recode
r201033	3878	1	279	-1	0	0.0	7	0.01553	0.01553	-0.30417	-0.26083	-0.37609	-0.33357	0	Recode
r201033	3833	1	324	-1	13	1.2	6	0.02484	0.00932	-0.1625	-0.13583	-0.41277	-0.30979	0	Recode
r201034	3401	1	69	-1	10	0.0	3	0.03313	0.00301	-0.29583	-0.25458	-0.48333	-0.3616	0	Recode
r201034	3266	1	204	-1	0	0.0	1	0.01807	0.00602	-0.33182	-0.28668	-0.44043	-0.31821	0	Recode
r201034	3242	1	228	-1	4	0.0	6	0.02108	0.03012	-0.29474	-0.21632	-0.47111	-0.29289	0	Recode
r201035	2946	1	213	-1	1	0.0	0	0.0069	0.0069	-0.38636	-0.31182	-0.57619	-0.36405	0	Recode
r201036	3107	1	84	-1	22	5.2	6	0.02397	0.02397	-0.53043	-0.35391	-0.48095	-0.295	0	Recode
r201036	3023	1	168	-1	1	0.0	6	0.0274	0.02397	-0.23	-0.1865	-0.58605	-0.40023	0	Recode
r201036	3020	1	171	-1	0	0.0	1	0.03767	0.0274	-0.21053	-0.15184	-0.56512	-0.38316	0	Recode
r201036	2969	1	222	-1	1	0.0	0	0.00685	0.01027	-0.31579	-0.17263	-0.40513	-0.34118	0	Recode
r201037	3001	1	81	-1	0	0.0	1	0.03082	0.00342	-0.54737	-0.35895	-0.52	-0.36771	0	Recode
r201037	2872	1	210	-1	1	0.0	0	0.02397	0.01712	-0.44167	-0.25375	-0.34615	-0.28223	0	Recode
r201038	3146	1	45	-1	13	2.2	5	0.01667	0.03	-0.6	-0.36593	-0.55	-0.35678	0	Recode
r201038	3068	1	123	-1	0	0.0	5	0.01333	0.02333	-0.19583	-0.13754	-0.516	-0.3612	0	Recode
r201038	3008	1	183	-1	13	1.7	4	0.01667	0.02	-0.0	-0.07647	-0.23	-0.15475	0	Recode
r201038	3005	1	186	-1	1	0.0	2	0.01667	0.01667	-0.0	-0.05937	-0.22	-0.22892	0	Recode
r201038	2954	1	237	-1	0	0.0	6	0.02333	0.02333	-0.14375	-0.13563	-0.27273	-0.17545	0	Recode
r201038	2951	1	240	-1	0	0.0	0	0.02	0.02333	-0.13529	-0.12765	-0.20303	-0.15	0	Recode
r201039	2924	1	255	-1	0	0.0	0	0.02397	0.00685	-0.5037	-0.31519	-0.41176	-0.31971	0	Recode
r201040	2912	1	174	-1	0	0.0	0	0.02867	0.00358	-0.50952	-0.26857	-0.37	-0.24128	0	Recode
r201040	2909	1	177	-1	0	0.0	7	0.01792	0.03226	-0.49524	-0.26857	-0.37179	-0.22438	0	Recode
r201041	3081	1	120	-1	1	0.0	2	0.01439	0.01079	-0.06875	-0.105	-0.24545	-0.2512	0	Recode
r201041	3078	1	123	-1	2	0.0	1	0.05036	0.02878	-0.41579	-0.33105	-0.39318	-0.30027	0	Recode
r201041	3027	1	174	-1	2	2.8	0	0.01079	0.01079	-0.31304	-0.28422	-0.55238	-0.34167	0	Recode
r201041	3024	1	177	-1	13	3.7	7	0.02878	0.04317	-0.36667	-0.27333	-0.53953	-0.33372	0	Recode
r201042	3088	1	231	-1	1	0.0	0	0.02555	0.0438	-0.31579	-0.21737	-0.39459	-0.309	0	Recode
r201043	3137	1	48	-1	2	1.5	7	0.01173	0.0088	-0.2	-0.14571	-0.32895	-0.2595	0	Recode
r201043	3071	1	114	-1	13	0.0	6	0.02346	0.00587	-0.12353	-0.16824	-0.38684	-0.26474	0	Recode
r201043	3002	1	183	-1	1	0.0	2	0.01466	0.0088	-0.28889	-0.39356	-0.25526	-0.24326	0	Recode
r201043	2948	1	237	-1	1	0.0	0	0.02639	0.02346	-0.365	-0.28945	-0.40789	-0.36618	0	Recode
r201043	2936	0	249	-1	2	0.0	4	0.01173	0.02346	-0.32632	-0.25368	-0.38684	-0.31111	0	Recode
r201044	3154	1	174	-1	9	0.0	0	0.01465	0.04029	-0.39048	-0.39881	-0.62381	-0.45845	0	Recode
r201044	3151	1	177	-1	9	0.0	7	0.01832	0.0293	-0.41	-0.41875	-0.62381	-0.45845	0	Recode
r201045	3142	1	9	-1	15	4.3	7	0.02405	0.01031	-0.39231	-0.25462	-0.54255	-0.32413	0	Recode
r201045	3013	1	138	-1	0	0.0	5	0.00687	0.01375	-0.06842	-0.11158	-0.39429	-0.25746	0	Recode
r201045	2932	1	219	-1	1	0.0	0	0.01375	0.00687	-0.32105	-0.22158	-0.46389	-0.33769	0	Recode
r201046	3001	1	144	-1	0	0.0	4	0.01014	0.01014	-0.29	-0.149	-0.35455	-0.28232	0	Recode
r201046	2944	1	201	-1	1	0.0	0	0.02703	0.02703	-0.42727	-0.32909	-0.39756	-0.30676	0	Recode
r201047	3169	1	180	-1	1	0.0	2	0.02041	0.0102	-0.36111	-0.22167	-0.39767	-0.28716	0	Recode
r201047	3121	1	228	-1	13	2.5	6	0.01361	0.02041	-0.37222	-0.23778	-0.46757	-0.37708	0	Recode
r201047	3118	1	231	-1	13	2.2	1	0.0102	0.01701	-0.37368	-0.23668	-0.48378	-0.38573	0	Recode
r201047	3115	1	234	-1	13	0.0	0	0.03061	0.03061	-0.37368	-0.21842	-0.48108	-0.38573	0	Recode
r201047	3112	1	237	-1	13	0.0	1	0.03401	0.04082	-0.37368	-0.24489	-0.48056	-0.37997	0	Recode
r201048	3068	1	69	-1	0	0.0	7	0.02076	0.00692	-0.37692	-0.29754	-0.45952	-0.34157	0	Recode
r201048	2927	1	210	-1	0	0.0	0	0.02422	0.00692	-0.35238	-0.19667	-0.36429	-0.35614	0	Recode
r201048	2924	1	213	-1	0	0.0	7	0.01384	0.02768	-0.43478	-0.23652	-0.41463	-0.34093	0	Recode
r201049	1808	1	42	-1	0	0.0	5	0.01091	0.01091	-0.25263	-0.14526	-0.42973	-0.35641	0	Recode
r201049	1622	1	228	-1	13	1.2	0	0.01818	0.00364	-0.06111	-0.11667	-0.60303	-0.36248	0	Recode
r201050	3699	1	399	-1	13	1.3	0	0.02388	0.01493	-0.2	-0.12643	-0.35366	-0.30761	0	Recode
r201050	3696	1	402	-1	0	0.0	3	0.02388	0.02985	-0.0	-0.0	-0.3625	-0.3153	0	Recode
r201052	1849	1	132	-1	0	0.0	0	0.01429	0.02143	-0.52727	-0.38639	-0.64262	-0.44082	0	Recode
r201052	1846	1	135	-1	0	0.0	7	0.02143	0.02857	-0.53824	-0.42647	-0.57705	-0.38967	0	Recode
r201053	2905	0	147	-1	0	0.0	1	0.01493	0.01493	-0.50385	-0.34035	-0.6875	-0.40893	0	Recode
r201053	2902	0	150	-1	0	0.0	1	0.02239	0.00746	-0.49231	-0.31577	-0.62593	-0.40569	0	Recode
r201054	2935	0	150	-1	0	0.0	1	0.01493	0.01493	-0.40741	-0.26667	-0.45385	-0.28577	0	Recode
r201055	2902	0	201	-1	14	2.5	1	0.02098	0.01399	-0.40417	-0.31329	-0.53889	-0.415	0	Recode
r201055	2899	0	204	-1	0	0.0	1	0.03497	0.01399	-0.388	-0.3114	-0.53889	-0.37093	0	Recode
r201058	10024	0	111	-1	0	0.0	7	0.01429	0.02857	-0.325	-0.27667	-0.44182	-0.30618	0	Recode
r201061	9687	1	81	-1	0	0.0	0	0.0146	0.0073	-0.67143	-0.47704	-0.5566	-0.3766	0	Recode
r201070	9836	0	177	-1	13	3.0	1	0.00714	0.01429	-0.42308	-0.32846	-0.486	-0.3352	0	Recode
r201098	8124	1	6	-1	13	4.4	1	0.03099	0.01766	-0.732	-0.4748	-0.65405	-0.43514	-1	Recode
r201099	634	1	3	1	0	0.0	9	0.00199	0.03386	-0.52759	-0.33331	-0.6907	-0.38	0	Recode
r201102	8152	1	6	-1	13	4.4	1	0.01173	0.01512	-0.74583	-0.47042	-0.62973	-0.4127	-1	Recode
